1.000000000000000000e+00,-2.903883687162871208e-02,8.174837254817315935e-02,1.000389646592649527e-02,4.329460590789555724e-02,2.094543853953461099e-01,1.493771044420842409e-01,2.431014754517480669e-01,-3.052808234466174997e-01,-3.536538327677304361e-01,4.720008687708904249e-02,-7.959821639007652605e-02,-2.404423754567413044e-03,1.502936518891560269e-01,4.022709037651113484e-02,-3.949962826614864669e-02,3.005866917456472276e-01,-2.123426928294462057e-01,4.784565107562248343e-02,5.815374918941623034e-02,2.817836596506403946e-01,2.646251260992018572e-01,-2.134064184363442529e-01,1.903512322384848798e-01,1.274628747098691395e-01,2.185617802081053218e-01,6.675043052442669600e-02,1.646120144378478423e-01,1.770323037361847263e-01,-3.197989375032970760e-01,-6.930030668058804674e-03,-1.476362142730627269e-01,2.293375633967462690e-01,2.418321864019218684e-02,3.199768387280335635e-01,9.076313729548048104e-02,-1.032506995421016566e-01,-1.389250022519173122e-01,1.635325641093715934e-02,5.456153983917086392e-02,5.533338349762696035e-02,2.544219577575363433e-01,2.106190656746789736e-01,5.389214147666573917e-02,2.632153144027647440e-01,1.557600151087578932e-01,1.710076888657057204e-01,2.758983084075192216e-01,2.099215849110567245e-01,6.135919242458521411e-02,1.337370483023529177e-01,5.103741928724035704e-02,1.429350371350215920e-01,-2.115551476766417416e-01,1.881208993509434491e-01,1.305923435853512948e-01,3.110936731251662951e-02,-1.785157435070804655e-01,2.836994443157618284e-01,2.427668294480369027e-01
-2.903883687162871208e-02,9.999999999999997780e-01,7.740669828056058466e-02,-2.747204362845794348e-02,2.582827549601338091e-01,-4.208849331180494757e-02,-2.184762399203993982e-02,8.813309285913256685e-02,1.514699885469041225e-02,8.765057202731567354e-02,1.809903425801909216e-02,1.110054397424019706e-01,-4.706788648794257846e-02,1.823570872976204918e-02,-1.891751147248204867e-01,-4.554623340927697189e-02,-1.469932165648306366e-01,8.794211253623373734e-03,1.765615658640852792e-01,1.860646236619992134e-03,6.546024066423751162e-03,-3.239241052830946904e-02,9.101943492145122758e-03,-1.612222014762688393e-01,1.028956763973411410e-02,9.302722546351883948e-02,-1.452252641724275650e-01,-7.461259997983479310e-03,-2.507174123461628490e-01,1.895165871080129461e-01,-3.517284881091823495e-02,-1.936974388473495720e-02,-2.100843848167271294e-02,8.526509176608002005e-02,-1.991806578529883853e-01,3.203933882583365894e-02,-5.393089730366483481e-02,-1.662161845938768534e-01,-1.835183052062892006e-01,-1.616590099651680351e-02,-9.818774040797628722e-02,1.860542650167477594e-02,5.801222738209543817e-02,-1.526597660978356863e-01,6.300987276096961520e-02,2.906616775126889471e-02,6.265960192752512148e-02,-8.022052168464036126e-03,1.083100636533400191e-01,2.469303831912607328e-02,9.431796294246234946e-02,-1.615513315268852779e-01,8.454760820288045875e-02,-1.237753192032090520e-02,-3.263756009000697011e-02,-1.229051004215513110e-01,-5.345099737745592772e-02,2.322880707539688727e-01,1.498164830804706860e-01,7.714919776398601603e-02
8.174837254817315935e-02,7.740669828056057078e-02,1.000000000000000000e+00,-2.840359889708382254e-02,-2.003726197091640349e-01,-3.997291972332018412e-02,-2.238332168000118361e-01,-1.369817500524157239e-01,-8.129859492748131577e-02,1.006243288267402863e-01,-1.603245425227420220e-03,-6.739741697065064485e-02,1.747591433566983987e-01,1.931869283286046790e-01,5.026101979529552510e-01,-9.141231694285968656e-02,-3.768245508593600756e-03,1.447429564342891106e-01,9.952324558389417930e-02,-3.198192558264615487e-02,3.451341225600050855e-01,3.359028784266345768e-01,3.204376532558493307e-01,1.849686449492688733e-01,3.370027413359739654e-01,3.902913242675253858e-01,5.258981861591309481e-02,2.273391932592712938e-01,-4.438305614022647208e-04,-2.560885874430796072e-01,-1.031366142523231083e-01,2.108843887509675441e-01,3.742212516985195525e-01,1.191687566897400019e-01,9.433750033884583108e-02,2.532498642235716385e-02,-1.079510986760319063e-01,1.200159390083510580e-01,-4.301592985552250836e-02,1.207578253975837984e-01,3.169447011397172331e-01,1.512754133576646454e-02,3.317559198906355200e-01,3.355248685921535245e-01,6.200892018987919085e-02,3.725022418793550588e-02,8.084994435922399081e-02,-3.506111001198800037e-02,4.546989240285676664e-02,1.891156587707734371e-01,-4.135360764272029421e-02,-6.078927866202460915e-03,-3.640015443450218130e-02,-1.528822886441793816e-01,2.657601084697073235e-01,2.176570269521866663e-01,-2.028669463142226403e-01,8.331856972524094573e-03,-9.267597770932312073e-02,1.788430480755971164e-01
1.000389646592649701e-02,-2.747204362845794348e-02,-2.840359889708382254e-02,1.000000000000000000e+00,1.226220435557497657e-01,-8.184845827021183795e-02,-7.647700973818119530e-02,7.828629717698271095e-02,9.641491528534240629e-02,1.542222432727260728e-01,1.177871539952394901e-02,1.583710452650946010e-01,1.358438144375399836e-01,-1.110458004251355796e-02,-1.682097606831318426e-01,8.594724119338088830e-02,-7.062382046680092118e-02,-5.733515104246918181e-02,-9.253471812430016930e-02,-7.812378781736227518e-02,-8.765087244665628607e-02,-1.144483932470511528e-02,1.050214445026785848e-01,1.229105879340095381e-01,-1.013059414748149062e-01,-7.373831773993191896e-02,-1.044055028038614330e-01,-1.423864410957801918e-01,1.859738520832032727e-02,-2.332043941027590328e-01,-7.294876380140299932e-02,1.299280137369158705e-01,6.771174249775999132e-02,4.586760105560587779e-04,-3.748343091607673344e-02,-1.658016094325585887e-01,-3.417303262264127783e-02,1.212416996345344611e-01,7.568383503158238046e-02,1.381989613088837054e-01,3.588164944799316497e-02,-7.634541091691350589e-02,-2.504187392855998853e-02,-1.781831900336304786e-01,-1.590318310447259853e-01,3.613001074892481512e-02,5.161261680708395527e-02,-1.106680272860548070e-01,-1.613998506794198651e-01,-1.223899893934957649e-02,9.847454653433494742e-02,-4.875270692313461718e-02,-7.224959872051649190e-02,-1.148966526766499185e-01,1.477563281773628390e-01,1.134010305587033335e-01,-1.478535901173123612e-01,2.041562369005129815e-02,-3.811996997190062082e-03,6.622814540532118155e-02
4.329460590789555724e-02,2.582827549601338091e-01,-2.003726197091640349e-01,1.226220435557497657e-01,9.999999999999997780e-01,6.025428636066494648e-02,1.490205846290588720e-01,6.670735552817762259e-02,1.463057015049142873e-01,-1.069381452142443290e-01,4.633356154122115350e-02,1.615829892281497315e-01,-1.577155576325086350e-01,-8.315222683034187434e-02,-2.803505571786616968e-01,2.485001852397833166e-01,8.842720169536730235e-03,-1.628560925062407239e-01,-3.175447176441399677e-02,-2.569073147296219509e-02,-4.852664378237509651e-02,-1.026447447631268634e-02,-6.039526761275883920e-02,-2.204200173551359443e-01,3.032374893155162683e-03,-1.339106167396240943e-02,2.444966816786186756e-02,-1.747676625650594062e-01,-1.335053812509043036e-01,1.781072357692726482e-01,3.123058773676456318e-02,6.986231574682598422e-02,-8.092278851550266383e-02,1.233259277712077523e-01,-5.161439112713955141e-02,2.733487391267025446e-01,2.555729522426864950e-02,-1.511096061616610045e-02,-2.733737338622699853e-01,-1.805972771384732264e-02,-1.756905499650775748e-01,-8.712490642142055319e-02,-4.612099292207810092e-02,-9.900675345316478637e-02,6.178985225539296994e-02,1.695396130916937069e-02,1.417865496704499573e-01,-4.835100113729690063e-02,-4.216917587658446098e-02,7.642367962313206808e-02,7.986963737174972155e-02,-1.446604786324125203e-01,1.203769028259695506e-01,-9.445726057335328274e-02,-7.512219679106153791e-02,5.037480260779211155e-02,-5.013872716632540583e-03,9.989322805442400754e-02,4.341794377527030124e-01,1.599146051806628888e-01
2.094543853953461099e-01,-4.208849331180495451e-02,-3.997291972332018412e-02,-8.184845827021183795e-02,6.025428636066493954e-02,1.000000000000000000e+00,2.767446755352253041e-01,1.378174345393701206e-01,5.798814116319052359e-02,1.357457747429446394e-02,5.618729928298560328e-02,-1.567605911002022956e-01,1.304654604891073155e-01,1.286399169960931177e-01,1.246316441650078821e-01,-5.328794888067224511e-02,-3.989882933225373518e-02,6.635012052002964289e-02,-2.796922817012612028e-02,-1.949866432181735637e-02,6.013344102118452911e-02,1.894950519708602510e-01,-5.797540984199740094e-02,-1.994575801165469897e-02,1.382327362231438872e-01,-5.078991891480493653e-02,-4.451917290705203339e-02,1.829550364189199974e-01,-3.066675778642312389e-02,-8.329053002346735457e-02,-4.040649854461304119e-03,6.793776874346656169e-02,1.923893387177298339e-02,-1.367658823112914354e-02,4.513874012037365213e-02,1.437036279286192930e-01,2.347660983670701515e-02,1.038377915175159732e-01,2.062078627004119702e-01,6.499866058137040992e-02,2.282412796605346184e-01,9.378496236987532431e-02,4.112974299924718191e-02,5.325678368174720234e-02,-8.420418916578224777e-02,1.259805613864523333e-01,1.428221506139892572e-01,8.014444156049492507e-02,1.831313359184111866e-01,9.476446024388186784e-02,-1.285193763732503658e-01,2.507115664221295712e-02,8.990665092830119054e-02,1.747931822053190865e-01,-1.024426101826078628e-01,1.070033775671818677e-01,4.506223611216492175e-01,-1.908976903798497993e-01,9.785314992229403319e-02,1.760191952793158654e-01
1.493771044420842409e-01,-2.184762399203993982e-02,-2.238332168000118083e-01,-7.647700973818119530e-02,1.490205846290588720e-01,2.767446755352252485e-01,1.000000000000000000e+00,3.585924726026380460e-01,3.495963537755676729e-03,-2.950199328198095938e-01,-1.447856511797765977e-01,-2.526908979360464325e-01,-6.464216958411085623e-02,-2.672234481917546214e-02,-1.200025672901384732e-01,-2.599453849036137965e-01,1.831514050424366269e-01,1.125047058737167066e-01,6.472201307510820623e-02,6.345583082007866249e-02,-2.437245728549682078e-01,1.484954890941709293e-01,-2.410393705493623917e-01,-1.814737994084784922e-01,2.025080626285019961e-02,-2.106668541568877395e-01,-1.317727013520542112e-01,8.572267619748222267e-02,6.219589851284101911e-02,-8.762619294203832787e-02,-8.152483841400352468e-03,-8.124454137026811129e-02,-8.664899032605746787e-02,-8.967024188078683011e-02,2.634439912013964991e-01,9.983750955539599792e-02,-3.320636153702280491e-01,-4.492051358511238435e-02,9.450907488345733354e-02,-8.446507339078132559e-02,1.384903630081612547e-01,-5.612279272749893383e-02,6.610702459744448312e-02,-2.521969873632435438e-02,1.971507379708961269e-02,-5.664923119708958205e-02,1.753753656982962733e-02,1.254143790046864937e-01,1.301350454582093918e-01,-2.138810976319268642e-01,-1.153213942127513936e-01,-2.507370821707642639e-02,-3.909448572000381178e-02,2.715320341124307646e-01,-7.136296420273731400e-02,1.006347972832826732e-01,2.670748582364150248e-01,-1.092474753027232182e-01,1.151746559207663806e-01,1.393131802571557221e-01
2.431014754517480669e-01,8.813309285913256685e-02,-1.369817500524157516e-01,7.828629717698271095e-02,6.670735552817760872e-02,1.378174345393701483e-01,3.585924726026381015e-01,1.000000000000000000e+00,-6.477933960760026699e-02,-3.891989237309084748e-01,-2.838624797108685871e-01,-3.148906846591749409e-02,-8.885774450425526494e-02,1.532396878459903189e-01,-1.202012963924045524e-01,-4.951786808595525641e-02,2.791620381360731540e-01,9.147137336247151973e-02,3.112482629273379681e-02,-2.313789197484960453e-02,-7.284399752974608788e-02,-9.315527847145151086e-02,6.665816929980133976e-02,-9.270414777124168226e-02,-4.698573646766138895e-02,-2.604632826250339109e-02,-5.326004319010471666e-02,3.277315036214400318e-02,-1.288800058219503331e-01,3.608191452416949219e-02,-2.020878585558391616e-02,-2.754095887193462322e-01,-4.448491989917924272e-02,-7.427166002889168395e-02,4.013490024668974754e-01,-5.153583999671998428e-02,-3.402802815243772816e-01,-1.639697802731981124e-01,-7.025585686620410691e-03,-1.416594356565167578e-01,1.045791055888235094e-01,2.082624135941825716e-01,2.973616282265010846e-01,-2.399538121032335491e-01,6.811276288848386318e-02,-1.760107390806186778e-01,-1.874964890309274712e-01,1.439001258589751586e-01,-1.614969626424122770e-02,-1.304088581727720908e-01,-8.562219057096628894e-02,-2.274808357892574295e-01,-4.116880689666567450e-02,-2.551053716864512544e-02,2.225795701967906715e-01,4.795679954948402907e-02,1.789621915955025011e-01,1.170904054274767708e-01,1.507712264733211405e-01,1.405824428736552334e-01
-3.052808234466174997e-01,1.514699885469041225e-02,-8.129859492748131577e-02,9.641491528534239241e-02,1.463057015049142595e-01,5.798814116319052359e-02,3.495963537755677163e-03,-6.477933960760026699e-02,9.999999999999997780e-01,2.461078403234491785e-01,1.200238928527543741e-01,1.318239037889890330e-01,4.199062866973959918e-02,5.115984106545966303e-02,-4.978634351025439109e-02,2.055014212172453017e-02,-1.104732935262517785e-01,2.791656788337736339e-01,-1.986532336357869633e-01,-2.386989045555794331e-01,-2.355903656314252137e-01,-1.339032500506542600e-01,7.956550955250567270e-02,-2.530042024790015720e-01,-2.156271083579188730e-01,-2.408529841055399856e-01,3.808564462916380622e-02,-2.160686876190500150e-01,-3.077796377816079398e-01,2.531203712963889796e-01,5.345508976659407024e-02,1.332992289247015572e-01,-4.487794093889554969e-02,-9.276174521414090601e-02,-1.238843748666834249e-01,1.287272122171119471e-01,1.044113765660954624e-01,2.316131478091092155e-01,1.608303973539683407e-01,7.456271639015596420e-02,-1.435895775013324716e-01,-1.829592644929632361e-01,-7.706668165513948232e-02,-1.621355367628870281e-01,-2.329362396694265314e-01,1.219448821777817660e-01,7.697129658483616022e-02,-1.969341494216223232e-01,9.769986620858392423e-02,5.159584456624664861e-02,4.112878414801796056e-02,5.393267247707277806e-02,1.110004128069149026e-01,1.305360015830613618e-01,-1.112560937695377811e-01,-3.251569594218453596e-02,3.820791441569820757e-02,2.343049659208350510e-01,-1.635986602712867777e-01,-6.173177377359521933e-02
-3.536538327677304361e-01,8.765057202731568742e-02,1.006243288267402863e-01,1.542222432727260450e-01,-1.069381452142443290e-01,1.357457747429446568e-02,-2.950199328198095938e-01,-3.891989237309084193e-01,2.461078403234491785e-01,1.000000000000000000e+00,1.713177599556171826e-01,-5.710408038664490163e-03,2.073749795128227436e-01,-8.980133257723534740e-03,9.309320748469782081e-02,1.508154366650642231e-01,-7.150296704280147964e-01,2.397419684903194861e-02,-5.752355562711140152e-02,-4.957669521646693861e-02,2.587424347198651400e-02,-2.729965113461177983e-01,1.043805523247911260e-01,-6.168188743298082255e-02,-7.090287997618097138e-02,-2.023452760720614030e-01,-2.963834172981944515e-01,-2.794186047757091784e-01,-1.372624343261489299e-01,3.201627187395461593e-02,-1.943647139013966185e-01,2.388015719488090771e-01,-1.612109186592166621e-01,1.903269811455290950e-02,-5.999032721815249491e-01,-6.564116444256955230e-02,-2.054705312111033619e-02,5.307337853480290080e-02,-1.657396849090286006e-01,7.077269000390523299e-03,3.384507051241622544e-02,-3.719786642804155941e-01,-3.229429169236482933e-01,-1.636357529820371692e-01,-1.465498579881180652e-01,1.615684161646340974e-02,-3.708261313715149887e-02,-3.747272150296282467e-01,-6.083897689075285983e-03,-8.875689030672119506e-02,-8.863148127828292255e-02,-3.792406661561266434e-02,-7.857776367707618170e-02,6.844726986288021675e-02,-1.604059981291232895e-01,6.455636299203916691e-03,-3.340305435403681522e-02,4.598564393495154640e-02,-2.093039574242198386e-01,-6.732712787984226899e-02
4.720008687708903555e-02,1.809903425801909216e-02,-1.603245425227420437e-03,1.177871539952394728e-02,4.633356154122114656e-02,5.618729928298561022e-02,-1.447856511797765977e-01,-2.838624797108685871e-01,1.200238928527543741e-01,1.713177599556171826e-01,1.000000000000000000e+00,-1.805962610390014766e-01,1.229890440848471489e-01,-5.692663109767071017e-02,-1.741930850773060202e-01,6.047584077620066917e-02,-2.237577548291194984e-01,-1.012314189234051337e-01,7.174666227958917397e-02,5.171826549942954571e-02,1.222563391396182669e-01,3.486754218259575239e-02,-4.597086375387237495e-02,5.658157065777084764e-03,-1.546048255394193438e-01,1.065822895216644688e-02,1.780106239470174434e-01,-2.969156272862438425e-02,-2.084323932525026513e-01,3.775209196115385246e-02,2.998478541415703358e-01,2.238580942010281460e-01,9.887768781499302329e-02,6.493340029754030018e-02,-2.788977678628108414e-01,1.238311483774540422e-01,2.756845433808449708e-01,6.974995652724516604e-02,-9.685626906822782795e-03,6.640886247579168289e-02,-1.091779578023396730e-01,-3.698148422283038111e-02,-2.694994439716748014e-01,8.990206759917936108e-02,6.622980105718445816e-03,2.883217039129951087e-01,2.616925896269031160e-01,7.246215659820740007e-02,1.097137061720908913e-01,6.682070951648330648e-02,1.100458656208415514e-01,7.741171565598985171e-02,1.485358027399301117e-01,2.075084000347383884e-01,-5.979169198123440720e-02,3.267003498611310147e-02,2.618350746671771132e-02,-1.143852634025535886e-01,-3.820905609722088925e-02,-1.912929851457913222e-02
-7.959821639007652605e-02,1.110054397424019568e-01,-6.739741697065065873e-02,1.583710452650946010e-01,1.615829892281497593e-01,-1.567605911002022678e-01,-2.526908979360464880e-01,-3.148906846591749409e-02,1.318239037889890330e-01,-5.710408038664490163e-03,-1.805962610390014766e-01,9.999999999999997780e-01,-9.642782294323649916e-02,-2.961756938241742049e-02,-2.492410752646986860e-01,2.795193165232168764e-01,1.345852526680544614e-01,-1.184853517652861288e-01,-1.941175597588790797e-02,-1.802435885986998498e-01,-2.871757230855774279e-01,-2.110956843953974427e-01,4.059805298676221613e-02,-1.736802119457314109e-01,-5.759167216423593388e-02,-9.650406048011374652e-03,-2.527658976199671781e-02,-1.880076876760297944e-01,-2.052712920266877572e-01,1.795945086173720839e-01,-2.619447331246497201e-01,-7.504120601092095777e-02,-6.099444915785660198e-02,-2.226684378431225894e-02,-1.432522391443735166e-01,-5.315255778006430787e-02,1.250610004249963214e-01,1.985173077273705983e-02,-1.266704710298521830e-01,1.077827929123094802e-01,-4.418721212211554894e-01,1.666907291644065536e-01,1.449018547555712133e-01,-1.351052772139287213e-02,-2.195200199436324329e-02,6.844709529949417892e-02,6.364680072570554070e-02,-1.582032177928210069e-03,-1.138525957953698681e-01,-3.746403605732961765e-03,3.069871055175193292e-02,1.147551271270432910e-01,-1.716949685172440218e-02,-3.677696303897568519e-01,3.477003443599099158e-02,1.428992824430740279e-02,-9.911406531009388232e-02,3.551700282793998076e-01,1.252847249782985395e-01,-5.403217998336094091e-02
-2.404423754567413044e-03,-4.706788648794258539e-02,1.747591433566983710e-01,1.358438144375399836e-01,-1.577155576325086628e-01,1.304654604891073155e-01,-6.464216958411085623e-02,-8.885774450425526494e-02,4.199062866973959918e-02,2.073749795128227158e-01,1.229890440848471350e-01,-9.642782294323648529e-02,1.000000000000000000e+00,1.535700097791464214e-01,2.205207373188440567e-01,-1.186709091873888386e-02,-1.638136602115293494e-01,-3.827718500113910793e-02,-1.717978079360207022e-01,2.287327429824514979e-02,7.731446196813025751e-02,1.006733151656023645e-01,3.421685403054649383e-02,2.189211374106490304e-01,1.360823345496688652e-01,-6.742442557600800135e-02,8.574901400488572217e-03,1.891481977623349908e-01,-8.615160004951437356e-02,-2.570238549069339129e-01,-3.676053855117630831e-02,1.337685774875583822e-01,5.246342133626288179e-02,-2.917514084592627219e-02,5.813339894709235352e-03,-1.089565445543324990e-01,6.593754290173405030e-02,1.825889832286989589e-01,1.111604218329111660e-01,1.132451634858665929e-01,2.343708493366934709e-01,-7.469145848031216728e-02,-2.717811635762691982e-02,1.086361368984938153e-01,7.780568285102153203e-02,1.233409042134996775e-01,3.972596732645383710e-02,-6.012430769627703092e-02,8.404461828555257613e-03,3.595769329980530449e-02,-6.171856017938032873e-02,-5.737345544942671315e-04,-5.764562439266056673e-03,1.058517900853156168e-01,1.469092583439921273e-01,1.716417993482813598e-01,-1.568934300111824928e-02,-1.720576637730402703e-01,-9.877006385552786205e-02,-1.991182795819979728e-02
1.502936518891559992e-01,1.823570872976204918e-02,1.931869283286047068e-01,-1.110458004251355796e-02,-8.315222683034188822e-02,1.286399169960931177e-01,-2.672234481917546561e-02,1.532396878459903466e-01,5.115984106545966997e-02,-8.980133257723534740e-03,-5.692663109767071017e-02,-2.961756938241742396e-02,1.535700097791463936e-01,9.999999999999998890e-01,3.755550557331516770e-01,-3.376767653397948210e-02,7.828338056890805918e-02,9.295021342635995110e-02,-1.343461572122819359e-01,-1.311912220617632296e-01,1.771613520200733816e-01,3.332852300461800811e-04,1.799324461653459620e-02,1.662355727140837347e-01,1.702239789165354289e-01,4.587967666435352303e-03,2.227937673003524063e-02,9.875341875230354838e-02,1.012508641801972836e-01,2.835931381156111750e-02,-5.043115515479566074e-02,1.847101322217169694e-03,-4.765781263255442629e-02,1.433115982220385387e-01,2.049632368204276356e-01,1.488246233616305481e-01,-8.782880251584873621e-02,9.271495555735519145e-02,-1.656970934106212533e-03,-6.074200344155981923e-02,1.704013316754857399e-01,8.014367958436686978e-02,1.998942635962681902e-01,-5.711413381672031039e-03,1.533577438547442107e-01,6.307026851949348867e-02,1.388325904787575116e-01,-1.367946911905530138e-01,2.372420174119657388e-01,9.398778406189908785e-02,-1.065415056396709914e-01,-1.009959742754984457e-02,1.214603687515268954e-01,-9.617791770973890819e-02,2.768424695513069245e-01,5.403913104967956842e-03,-2.022861087922689372e-02,5.434274431292184654e-02,9.753054351855829085e-02,1.612902776770687163e-01
4.022709037651113484e-02,-1.891751147248204867e-01,5.026101979529552510e-01,-1.682097606831318426e-01,-2.803505571786616968e-01,1.246316441650078682e-01,-1.200025672901384732e-01,-1.202012963924045386e-01,-4.978634351025439109e-02,9.309320748469780693e-02,-1.741930850773060202e-01,-2.492410752646986860e-01,2.205207373188441122e-01,3.755550557331516770e-01,9.999999999999997780e-01,-1.308903885396144051e-02,-2.229196360931359581e-03,2.199333251104317599e-01,-1.742351008527692480e-01,-6.261709152892637464e-02,3.059623127537111076e-01,2.307989513279552762e-01,5.957707326979172491e-02,3.278680767458337919e-01,3.396336441388804750e-01,1.722789747642748115e-01,9.131594525832320564e-02,2.840801672098351438e-01,3.127553802580066988e-01,-1.548640278809416959e-01,-1.479877810592134801e-01,1.384545801924484676e-01,1.620211910759008223e-01,-1.546185104578517815e-02,2.343947969479999727e-01,1.144008550464395814e-03,-9.180649870611800462e-03,2.244622898577090520e-01,1.291092793770372837e-01,3.659201985454241246e-02,3.111406381781393060e-01,-3.823499393922215328e-02,3.172781094640890753e-01,1.968326656511533712e-01,9.374731507173957035e-02,-1.659039628129072019e-01,-4.333642990122869160e-02,-1.974761032130545879e-01,1.320391198752162987e-01,3.774425904277379368e-02,-2.149189297327233350e-01,1.007451751107758947e-01,-1.880026621607562912e-02,-1.874210266719385509e-01,2.254165375918819048e-01,1.159145897600625669e-01,1.461823397126097226e-02,-2.405169372511330728e-01,-5.039416292513067969e-02,1.262549905204715835e-02
-3.949962826614864669e-02,-4.554623340927697189e-02,-9.141231694285968656e-02,8.594724119338088830e-02,2.485001852397833166e-01,-5.328794888067225205e-02,-2.599453849036137965e-01,-4.951786808595525641e-02,2.055014212172453017e-02,1.508154366650642231e-01,6.047584077620066223e-02,2.795193165232168209e-01,-1.186709091873888559e-02,-3.376767653397948210e-02,-1.308903885396144051e-02,1.000000000000000000e+00,-1.085510647197334699e-01,-1.594928803881686397e-01,-1.634501771754388877e-02,-4.505550239794826189e-02,-8.443773936177327577e-02,-1.991849947305277535e-01,1.248836771277494623e-01,-2.902896329228163430e-02,6.559244330926627953e-02,6.234857268606045638e-02,2.024722893230640475e-01,-5.700589826259223197e-02,-1.358621166850352835e-01,8.435879994597088316e-02,2.123797235148440835e-02,-7.408762977275097812e-03,-6.715670475614482493e-02,1.405992246864612438e-01,-1.787105045479211174e-01,2.690803803250806092e-02,2.546167318824484882e-01,-1.214906427197097599e-01,-3.117444259063750223e-01,1.844777191019000839e-01,-1.287097540251994909e-01,-1.630425467597196587e-01,-1.464214637837762123e-01,1.413512184535793519e-02,5.360504169046805684e-02,4.709511206636419339e-02,-2.213708733270846815e-02,3.809599300153251877e-02,-2.645813836840557945e-02,9.448389179261597326e-02,9.117331667125332106e-02,-3.731068054640331727e-02,-4.733321956318013723e-02,-2.659431027551076854e-01,1.091179366084416014e-01,1.027521203132958222e-01,-6.040753217210111103e-02,5.155256519995593534e-02,2.549161979922356380e-01,8.893537476383336915e-02
3.005866917456472276e-01,-1.469932165648306088e-01,-3.768245508593600756e-03,-7.062382046680092118e-02,8.842720169536730235e-03,-3.989882933225373518e-02,1.831514050424366269e-01,2.791620381360731540e-01,-1.104732935262517785e-01,-7.150296704280146853e-01,-2.237577548291195262e-01,1.345852526680544614e-01,-1.638136602115293494e-01,7.828338056890805918e-02,-2.229196360931359581e-03,-1.085510647197334838e-01,1.000000000000000000e+00,-1.754393423353952514e-02,4.094059375177196321e-03,-9.483786006065818286e-02,2.709616361800104394e-03,2.582914565383133132e-01,-8.846503351291998274e-02,1.836763620279663056e-01,3.062047126791375001e-02,1.293441774114392484e-01,1.829631611244743050e-01,1.759774607135542457e-01,3.134721818599862653e-01,1.474274891740634010e-02,3.683471737570107648e-03,-9.686745126850535015e-02,1.143896712692011736e-01,-8.572225140491115947e-02,5.452589650402934751e-01,1.007718456182803146e-02,3.006185844235851126e-02,-3.046819192171753080e-02,1.807801161364311071e-01,1.905473474207525653e-03,-4.497940244840187979e-02,2.991381279382892000e-01,3.080617064477603750e-01,1.773140021178755965e-01,1.272081316688385144e-01,-2.806766252699232148e-02,-1.940432999648246046e-02,3.502017902665264804e-01,-5.057662800772309668e-03,1.212979270900399198e-01,-1.161853084668903677e-02,1.487868356814240622e-01,2.201804317885171008e-04,-9.430286985383436182e-02,9.994245023106750059e-02,-9.687497558718926802e-03,2.022104263594592249e-02,4.503877033269519659e-02,1.605167891282571757e-01,5.876931184193238955e-02
-2.123426928294462057e-01,8.794211253623373734e-03,1.447429564342891106e-01,-5.733515104246918181e-02,-1.628560925062407239e-01,6.635012052002964289e-02,1.125047058737167066e-01,9.147137336247150585e-02,2.791656788337735784e-01,2.397419684903194861e-02,-1.012314189234051476e-01,-1.184853517652861427e-01,-3.827718500113910793e-02,9.295021342635995110e-02,2.199333251104317599e-01,-1.594928803881686397e-01,-1.754393423353952514e-02,1.000000000000000000e+00,-1.121969116757765006e-02,-1.136424606710517149e-01,-1.105211960947705824e-01,1.684111273266180320e-01,9.143960453162583435e-02,-4.449780636689377317e-02,1.922880203915627167e-02,-1.079258215709050922e-01,2.491873071006053819e-02,6.295837823444401515e-02,-1.637853264119501495e-01,2.887537347800979773e-02,4.157162041824800404e-03,1.864551957389418702e-01,-9.636921799561004587e-02,-6.005336861766631153e-03,3.758999388358089111e-02,1.235363854223036489e-01,-1.078482598588779845e-01,6.611157850594502616e-02,6.523213914040637551e-02,-4.431487007208137312e-03,1.788969233583518614e-01,-1.694107017226713641e-01,1.050507255980603488e-01,-1.552694770155706172e-01,-1.202470931937851817e-01,3.951110052850497628e-02,-1.240697783256859976e-01,-9.512354485190172015e-02,1.344175817700657243e-02,1.610411081168865513e-02,-5.130216877948497872e-02,-2.174444796089050266e-02,3.888994567055226864e-02,1.065015232546758922e-01,-2.489413045607921735e-03,-5.779126527260398417e-03,6.109608903477092845e-02,3.802544877639941340e-02,-2.404434079356031484e-01,-1.246838186206960936e-01
4.784565107562249037e-02,1.765615658640853070e-01,9.952324558389416542e-02,-9.253471812430016930e-02,-3.175447176441398983e-02,-2.796922817012612028e-02,6.472201307510820623e-02,3.112482629273379681e-02,-1.986532336357869633e-01,-5.752355562711140152e-02,7.174666227958917397e-02,-1.941175597588790450e-02,-1.717978079360207300e-01,-1.343461572122819359e-01,-1.742351008527692202e-01,-1.634501771754388530e-02,4.094059375177196321e-03,-1.121969116757765179e-02,1.000000000000000000e+00,2.354127363983117560e-01,2.819977119269561835e-02,1.364527089129276630e-02,5.581205734401296914e-02,3.264962642198645376e-02,-4.988796554372881831e-02,1.541020657401019345e-01,-4.138200305454653449e-02,7.606677416260423930e-02,-6.710465759976518008e-03,2.094760737600026568e-02,-5.048152946190320733e-02,3.690316599811773943e-03,5.783145715073647469e-02,-6.788234426850088543e-02,-7.662505724900642301e-02,1.710502304273983989e-02,-1.384801040758777413e-01,-1.361765863446398606e-01,-1.504251105284929724e-01,-3.890839917945806276e-02,1.018056953009363608e-01,-8.434639621197202730e-02,1.219541825141533115e-01,8.293159929071403091e-02,5.856460772991239905e-02,9.993719024693680994e-03,3.829228166995460314e-02,2.422268990483891216e-01,-3.047320751706958028e-02,5.256660558674321887e-02,7.057400833363081105e-02,4.175466923563442984e-02,4.845436217929322692e-02,8.990003213306697882e-02,-9.164310535791352075e-02,1.369625884417783601e-01,5.698632651466274679e-02,-1.943378151325445696e-02,1.391000918786066375e-02,2.998958685770152822e-03
5.815374918941623034e-02,1.860646236619991917e-03,-3.198192558264615487e-02,-7.812378781736226130e-02,-2.569073147296219509e-02,-1.949866432181735637e-02,6.345583082007866249e-02,-2.313789197484960453e-02,-2.386989045555794331e-01,-4.957669521646693861e-02,5.171826549942954571e-02,-1.802435885986998498e-01,2.287327429824514979e-02,-1.311912220617632296e-01,-6.261709152892637464e-02,-4.505550239794826189e-02,-9.483786006065818286e-02,-1.136424606710517149e-01,2.354127363983117283e-01,1.000000000000000000e+00,1.261483043070167065e-01,-3.992760674959065781e-02,3.406429027071922883e-02,-3.296760727948611774e-02,-1.136202052061166534e-01,1.499210744683206753e-01,6.215410590463698107e-03,7.377413355227402381e-02,2.948819132541526458e-03,2.223966722432490703e-02,-7.315074583937096475e-02,-5.870243912832779493e-02,1.397173499886086336e-02,-8.318983945764193977e-02,-9.513106834650635057e-02,-6.183174008156755441e-02,-7.521544900427871994e-02,-1.217603308836483766e-01,-1.938589885457250306e-01,-1.185639675468788401e-01,-2.965445689546093548e-03,-4.457737576660216611e-02,6.076942496826617801e-02,1.258357756319302689e-01,1.755223092115355821e-02,-6.533838759812084229e-02,-5.129379202891379969e-02,-5.891195281865430761e-02,-9.731924251109211332e-02,-1.164229174472668493e-01,-1.107714075504525816e-02,-1.488675622452558522e-01,-1.564332441726721812e-01,4.487046352632159674e-02,-1.819818449097553581e-01,-3.700744423853898069e-02,-1.198609209715473765e-02,-1.421510048807441418e-01,-5.534740988348011564e-02,-2.720793993068676767e-02
2.817836596506404501e-01,6.546024066423751162e-03,3.451341225600051410e-01,-8.765087244665628607e-02,-4.852664378237509651e-02,6.013344102118452911e-02,-2.437245728549682355e-01,-7.284399752974608788e-02,-2.355903656314252137e-01,2.587424347198651400e-02,1.222563391396182669e-01,-2.871757230855774279e-01,7.731446196813025751e-02,1.771613520200733538e-01,3.059623127537110521e-01,-8.443773936177327577e-02,2.709616361800104827e-03,-1.105211960947705824e-01,2.819977119269561835e-02,1.261483043070167065e-01,1.000000000000000000e+00,2.457334097937742545e-01,-2.102412299945881011e-02,3.418987347791347386e-01,2.466766629148705314e-01,3.973268469795611102e-01,-3.110351707474458272e-02,2.271618423491294503e-01,3.456358189285996807e-01,-1.651562297347850539e-01,4.501061586447969998e-02,1.490243388993935103e-01,3.486634648833012440e-01,1.749714331728504102e-01,8.636421267567197246e-02,-1.005373680323294605e-01,1.074092291217786446e-02,1.965100236934786415e-01,-7.240290840420733620e-02,-1.543982809923935551e-01,1.304727311932289968e-01,3.078478150575669203e-01,1.459246325331729488e-01,1.349195036409228665e-01,2.008426734512016587e-01,-1.377035380287560951e-01,-1.209036430838959369e-01,-4.424174274153784558e-02,-1.581780782730062562e-01,-3.872752954457407693e-02,-2.120010233931789445e-01,-1.306894736461626343e-02,-1.583496488099485344e-01,-5.436491992277989876e-02,3.324787179328669851e-02,1.799276673012156075e-02,-5.021395240126313303e-02,-1.133821064297782233e-01,1.560872955502598525e-01,1.012272239852367306e-01
2.646251260992019128e-01,-3.239241052830946904e-02,3.359028784266345768e-01,-1.144483932470511701e-02,-1.026447447631268634e-02,1.894950519708602510e-01,1.484954890941709293e-01,-9.315527847145149698e-02,-1.339032500506542600e-01,-2.729965113461177983e-01,3.486754218259575239e-02,-2.110956843953974704e-01,1.006733151656023784e-01,3.332852300461800811e-04,2.307989513279553040e-01,-1.991849947305277535e-01,2.582914565383133132e-01,1.684111273266180320e-01,1.364527089129276456e-02,-3.992760674959065781e-02,2.457334097937742823e-01,1.000000000000000000e+00,2.177675330282856023e-02,3.775841841356219475e-01,3.809661592446188516e-01,2.088975073743296607e-01,8.204050338298256306e-02,2.590631603558926077e-01,3.146210576519618551e-01,-4.193690057407308824e-01,5.490214589891646152e-02,4.198014794550715134e-01,2.162894397731035534e-01,1.922826654040415140e-01,3.491749543323087179e-01,1.762037735998216448e-01,-8.088811028763048805e-02,1.731196420705750916e-01,2.486712924818112180e-01,2.869465202901596568e-01,3.478568317911315821e-01,1.211859874386271158e-01,7.985640859224416022e-02,1.137264009866728043e-01,3.334195305834174866e-02,6.536211776276054652e-02,2.092688723751699453e-01,1.899644959573325298e-01,2.939644764749515041e-02,2.386483061318480370e-01,5.971253112179719658e-02,1.907111021370690995e-01,1.313615413772561413e-01,4.943250051094424946e-02,2.518480165310183622e-02,2.215097328831636403e-01,-1.503817940329681968e-01,-2.336726260493229013e-01,1.040022221479318942e-01,1.081489355530227264e-01
-2.134064184363442529e-01,9.101943492145122758e-03,3.204376532558493862e-01,1.050214445026785848e-01,-6.039526761275883227e-02,-5.797540984199740094e-02,-2.410393705493624195e-01,6.665816929980133976e-02,7.956550955250567270e-02,1.043805523247911121e-01,-4.597086375387237495e-02,4.059805298676221613e-02,3.421685403054650076e-02,1.799324461653459620e-02,5.957707326979171797e-02,1.248836771277494623e-01,-8.846503351291996886e-02,9.143960453162584823e-02,5.581205734401296914e-02,3.406429027071922883e-02,-2.102412299945881011e-02,2.177675330282856023e-02,1.000000000000000000e+00,1.100278096129043426e-01,-6.111012718230881754e-03,1.294041644802604862e-01,1.481851009798547114e-01,6.271541587009829555e-02,-1.938359688390100255e-01,1.047548674807496222e-01,8.040271737163390275e-02,1.538462186950283750e-01,1.263126219291312025e-02,3.641598571227772779e-02,-5.894636628339341988e-02,-2.986373171674975083e-03,-3.260992853433111738e-02,-1.894644119775222221e-02,1.915452283296866995e-02,1.551208585988695932e-01,2.378960552949406781e-01,-1.405156658391062963e-01,1.206382505731851684e-01,1.154657720740577542e-02,-1.508977916516035800e-01,1.171837303614192000e-01,-4.211833704708302026e-03,8.206771673535806846e-03,1.526494058120797526e-02,2.543138980874599109e-01,1.091065518792180972e-01,-1.761030832081723896e-01,2.870818433413441922e-02,1.143001383121281661e-02,1.644595051845702816e-01,1.692998760263729197e-01,-1.089089891536817872e-01,3.006884025008700612e-02,-1.922010501911354530e-01,2.768024796453722597e-02
1.903512322384848798e-01,-1.612222014762688671e-01,1.849686449492688733e-01,1.229105879340095242e-01,-2.204200173551359443e-01,-1.994575801165470244e-02,-1.814737994084784922e-01,-9.270414777124168226e-02,-2.530042024790015720e-01,-6.168188743298081561e-02,5.658157065777084764e-03,-1.736802119457314109e-01,2.189211374106490304e-01,1.662355727140837347e-01,3.278680767458337919e-01,-2.902896329228163430e-02,1.836763620279663056e-01,-4.449780636689377317e-02,3.264962642198645376e-02,-3.296760727948611081e-02,3.418987347791347386e-01,3.775841841356218920e-01,1.100278096129043287e-01,1.000000000000000000e+00,1.608604765381181634e-01,5.724995039524779367e-02,1.490244696309525885e-01,2.708398503649472877e-01,4.939132010203010625e-01,-2.460450468560204107e-01,3.054929358984126431e-02,2.939565545236484390e-01,2.475989551219873880e-02,4.533805032211211949e-02,2.551087450548653601e-01,-1.239533627136375216e-01,6.754125509739017374e-02,-1.634916350605022939e-02,2.166922452591640846e-01,1.226677639383743496e-01,3.763287076000507159e-01,1.169375676112044127e-01,3.687061843751003598e-02,5.334618041766545082e-02,2.099975203928604595e-01,6.153305701062970236e-03,5.054325733995886777e-02,2.114418480845889348e-01,-4.573257926490716802e-02,2.253029294815302175e-01,-2.493851265103395540e-02,2.233399751812086553e-01,4.291048193841310449e-02,-2.035452123840253078e-02,2.770285765818807366e-01,2.772861042132461762e-01,-5.972668256965263378e-02,-2.180617598525309841e-01,-3.003201161684638382e-02,1.965615219741268307e-02
1.274628747098691395e-01,1.028956763973411410e-02,3.370027413359739654e-01,-1.013059414748149062e-01,3.032374893155162683e-03,1.382327362231438872e-01,2.025080626285019961e-02,-4.698573646766138895e-02,-2.156271083579188730e-01,-7.090287997618095750e-02,-1.546048255394193438e-01,-5.759167216423592695e-02,1.360823345496688652e-01,1.702239789165354567e-01,3.396336441388804195e-01,6.559244330926627953e-02,3.062047126791374654e-02,1.922880203915626821e-02,-4.988796554372881831e-02,-1.136202052061166534e-01,2.466766629148705592e-01,3.809661592446187961e-01,-6.111012718230880887e-03,1.608604765381181634e-01,1.000000000000000000e+00,1.743492397216803436e-01,-5.595675886228794471e-02,1.997315297746124763e-01,1.528812028757309260e-01,-3.138900134691484656e-01,-8.659012073606896231e-02,1.548615590883305748e-01,8.240118693546484574e-02,2.818043717693729522e-01,1.307063472523996850e-01,5.091067541151536591e-02,-4.941606134653928062e-02,1.599743475989701125e-01,-4.820915707852277410e-02,1.785538579112359858e-01,1.918746081848834162e-01,8.740075354025340915e-02,-1.364658551358874025e-02,1.908541072904621494e-01,1.789092354948226271e-01,-8.890229015434693294e-02,9.205935332634132551e-02,-2.373499709602643754e-02,7.295566279464685278e-02,4.457317311055424697e-02,-8.004450152592026968e-02,5.536101598937969576e-02,-1.882063473573305015e-02,2.756543393961608315e-02,1.397321174771117003e-01,1.992436595947892353e-01,-3.281904881360039883e-02,1.090992657245691694e-01,4.043281895573618834e-01,1.423273110014678933e-01
2.185617802081053218e-01,9.302722546351883948e-02,3.902913242675254413e-01,-7.373831773993191896e-02,-1.339106167396240943e-02,-5.078991891480493653e-02,-2.106668541568877395e-01,-2.604632826250339109e-02,-2.408529841055400134e-01,-2.023452760720614030e-01,1.065822895216644514e-02,-9.650406048011372917e-03,-6.742442557600800135e-02,4.587967666435352303e-03,1.722789747642748392e-01,6.234857268606044944e-02,1.293441774114392484e-01,-1.079258215709050783e-01,1.541020657401019345e-01,1.499210744683206753e-01,3.973268469795611102e-01,2.088975073743296884e-01,1.294041644802604862e-01,5.724995039524779367e-02,1.743492397216803436e-01,9.999999999999998890e-01,4.464834396890964702e-02,2.263867662469835063e-01,1.113260628516549861e-01,-1.238703086727598185e-01,1.265770269794467585e-02,-5.071586397383826689e-02,4.079197492218082921e-01,5.235547633611094959e-02,1.623044903463591593e-01,-8.747702657671016513e-02,-2.609375878092066309e-02,3.917488810133663152e-02,-1.180622697337222610e-01,6.798560908370303302e-02,-3.646890950052849439e-02,2.053824027220876036e-01,2.999093232405628529e-01,1.631090902562445655e-01,7.957898739626222129e-02,-9.687713835336382584e-02,-2.501251475045421571e-02,5.778774941204391224e-02,-5.754354708605542712e-02,7.249349990220649298e-02,-2.377898741436514085e-02,-8.959542562935582377e-02,-1.021008050996825567e-01,-1.920568587880044920e-01,2.434887160185511545e-02,-6.399463990638795674e-02,-2.189040977530047061e-01,-1.461543371996523906e-02,1.874853945414052259e-01,1.294331397550676881e-02
6.675043052442670988e-02,-1.452252641724275650e-01,5.258981861591310175e-02,-1.044055028038614469e-01,2.444966816786187103e-02,-4.451917290705204033e-02,-1.317727013520542112e-01,-5.326004319010472360e-02,3.808564462916379928e-02,-2.963834172981944515e-01,1.780106239470174156e-01,-2.527658976199671781e-02,8.574901400488572217e-03,2.227937673003524063e-02,9.131594525832319176e-02,2.024722893230640752e-01,1.829631611244743050e-01,2.491873071006053125e-02,-4.138200305454653449e-02,6.215410590463698107e-03,-3.110351707474458618e-02,8.204050338298254919e-02,1.481851009798547114e-01,1.490244696309525885e-01,-5.595675886228793777e-02,4.464834396890964702e-02,1.000000000000000000e+00,1.805931953088558972e-01,-1.998456039903464265e-01,1.383458849323747700e-02,3.041748460938141774e-01,8.231211528110947417e-02,1.093271552801912266e-01,1.220495881423029200e-01,1.780480614454294230e-01,1.133373963410931606e-01,2.293389459781127737e-01,-3.884928630661051152e-02,3.708575584192028152e-02,9.433671642846898353e-02,9.805230068217110628e-03,5.208930908802412996e-02,4.406771974744689430e-02,9.079721604157985071e-02,1.080754892157759772e-01,1.631196277310475173e-01,3.751523452880436982e-02,1.948512182737295595e-01,8.596204109776048319e-02,2.467248110459271393e-01,1.504615845673464569e-01,-6.325853308832475597e-02,1.421539666789440881e-01,-9.689393472806441532e-02,2.575695126678027025e-01,7.004321954478204271e-02,1.083044108564186524e-03,-9.974150131545822529e-02,-8.490365809027843047e-02,5.483072521960190293e-02
1.646120144378478145e-01,-7.461259997983480177e-03,2.273391932592712938e-01,-1.423864410957801918e-01,-1.747676625650594062e-01,1.829550364189199696e-01,8.572267619748222267e-02,3.277315036214400318e-02,-2.160686876190500150e-01,-2.794186047757091784e-01,-2.969156272862438425e-02,-1.880076876760297666e-01,1.891481977623349908e-01,9.875341875230354838e-02,2.840801672098351993e-01,-5.700589826259223891e-02,1.759774607135542457e-01,6.295837823444401515e-02,7.606677416260423930e-02,7.377413355227402381e-02,2.271618423491294503e-01,2.590631603558926077e-01,6.271541587009829555e-02,2.708398503649472877e-01,1.997315297746124763e-01,2.263867662469835063e-01,1.805931953088559250e-01,9.999999999999997780e-01,1.970219174614760149e-01,-1.906922764504554724e-01,4.372613495758796015e-02,2.860887357877691523e-02,2.990370791706364328e-01,1.256226007590204585e-01,2.685301431341007850e-01,-4.704110936849319191e-02,1.607224799053133257e-01,2.043355106252237388e-02,2.405518204331832666e-01,3.211368097765087554e-02,3.098219741971298680e-01,2.906298838441251919e-01,1.828640311111282557e-01,2.671085944811776858e-01,1.294011795174941637e-01,-5.183571528956836677e-02,-2.721094349574891894e-02,2.426103273262315285e-01,3.194916083076131813e-02,1.005973904296667831e-01,-1.879329223203498322e-01,7.025635432168386707e-02,-1.446351321014049084e-02,1.119354860353582032e-01,1.524975774687120089e-01,1.600334914432680888e-01,1.772167908644554091e-01,-2.403608459708767853e-01,9.106816003224343318e-04,1.956923125136589003e-01
1.770323037361847263e-01,-2.507174123461628490e-01,-4.438305614022647208e-04,1.859738520832032727e-02,-1.335053812509043036e-01,-3.066675778642312389e-02,6.219589851284101217e-02,-1.288800058219503608e-01,-3.077796377816079954e-01,-1.372624343261489299e-01,-2.084323932525026790e-01,-2.052712920266877850e-01,-8.615160004951438744e-02,1.012508641801972975e-01,3.127553802580067543e-01,-1.358621166850352557e-01,3.134721818599862653e-01,-1.637853264119501495e-01,-6.710465759976518008e-03,2.948819132541526458e-03,3.456358189285996807e-01,3.146210576519619107e-01,-1.938359688390099977e-01,4.939132010203010070e-01,1.528812028757309538e-01,1.113260628516549722e-01,-1.998456039903464265e-01,1.970219174614760149e-01,9.999999999999997780e-01,-2.460226111833815898e-01,-1.493589911045901664e-01,8.678133169520656220e-02,7.669599309069137505e-02,1.820704303478203057e-02,3.421396273481833727e-01,-9.134332821208326902e-02,-2.988486605317038428e-02,7.040636088879961840e-02,1.787491330624900454e-01,6.802681097430521295e-02,2.295475808814245455e-01,8.540068633323905090e-02,6.203042535638992466e-02,1.185761423275950160e-01,1.684484440631502933e-01,-2.103879988986887828e-01,-8.830806291980811129e-02,9.683124048238064829e-02,-4.489249912232665118e-02,-4.262675526223985711e-02,-1.111297477114397830e-01,3.142403431821938486e-01,-1.252542843363199099e-01,1.429555955262517761e-02,-3.848390036994437519e-02,2.947008927916918743e-03,-6.265324269218117137e-02,-2.522642585999436138e-01,1.611275383190107491e-01,4.204544990881035893e-02
-3.197989375032971315e-01,1.895165871080129461e-01,-2.560885874430796072e-01,-2.332043941027590328e-01,1.781072357692726482e-01,-8.329053002346735457e-02,-8.762619294203832787e-02,3.608191452416949219e-02,2.531203712963890351e-01,3.201627187395461593e-02,3.775209196115385246e-02,1.795945086173720839e-01,-2.570238549069339129e-01,2.835931381156111750e-02,-1.548640278809416959e-01,8.435879994597089704e-02,1.474274891740634183e-02,2.887537347800979773e-02,2.094760737600026915e-02,2.223966722432490356e-02,-1.651562297347850539e-01,-4.193690057407308269e-01,1.047548674807496222e-01,-2.460450468560204385e-01,-3.138900134691484656e-01,-1.238703086727598324e-01,1.383458849323747700e-02,-1.906922764504555001e-01,-2.460226111833816176e-01,1.000000000000000000e+00,2.667399439610504755e-02,-2.083355897787887989e-01,-3.610384394136574859e-01,-2.019471667902888457e-01,-2.770358374449765071e-01,8.659554734891018735e-02,1.674366610428245083e-01,-6.512264435580673860e-02,-1.605117106601267607e-01,-2.142249174077493767e-01,-2.356153766010019024e-01,-1.449221791672551385e-01,4.544055691239201611e-02,-4.960174575744931424e-02,-2.962685042945138042e-02,5.195169235095078303e-02,-2.836120643740773842e-02,-1.101506273068122571e-01,6.141499433841000888e-02,3.411212241527200595e-02,-5.143703991159467859e-02,-7.384293031608593627e-02,9.757307684666539915e-02,9.757416923761376426e-02,-2.492255809466099037e-01,-3.090849809427362316e-01,1.225161210014676788e-01,2.288568246476365420e-01,-5.635174468100600381e-02,-1.891148637007384614e-01
-6.930030668058804674e-03,-3.517284881091823495e-02,-1.031366142523231083e-01,-7.294876380140298544e-02,3.123058773676456665e-02,-4.040649854461304986e-03,-8.152483841400352468e-03,-2.020878585558391616e-02,5.345508976659406331e-02,-1.943647139013966185e-01,2.998478541415703358e-01,-2.619447331246497201e-01,-3.676053855117630137e-02,-5.043115515479565381e-02,-1.479877810592134801e-01,2.123797235148440835e-02,3.683471737570107214e-03,4.157162041824799537e-03,-5.048152946190320040e-02,-7.315074583937095087e-02,4.501061586447969998e-02,5.490214589891646152e-02,8.040271737163390275e-02,3.054929358984126084e-02,-8.659012073606896231e-02,1.265770269794467412e-02,3.041748460938141774e-01,4.372613495758796015e-02,-1.493589911045901941e-01,2.667399439610505102e-02,1.000000000000000000e+00,1.647294859925738653e-01,1.432594087686178685e-01,1.744466523509451972e-01,-1.886075705890449816e-02,3.708305046204059957e-02,1.332229407090841367e-01,1.097191723951182890e-01,1.863190483738106640e-01,1.489406885257753554e-01,-8.037080644876364033e-02,1.021225649220377785e-01,-7.808332393882629063e-02,1.952413577841286343e-02,1.047537874038113360e-02,9.259656536122555515e-02,1.099916248698833560e-01,2.031128446178268876e-01,8.492521309216100045e-02,1.549368316223358466e-01,2.388111832432857906e-01,-1.201187219060825956e-01,1.078487165164870448e-01,7.570720379785594867e-02,3.041790715351937457e-01,6.880665087976056693e-02,-5.107609782594574321e-02,-8.810494890646440591e-02,-4.819502003276571189e-02,-6.861057839718998075e-02
-1.476362142730627547e-01,-1.936974388473495373e-02,2.108843887509675719e-01,1.299280137369158705e-01,6.986231574682598422e-02,6.793776874346656169e-02,-8.124454137026811129e-02,-2.754095887193462322e-01,1.332992289247015572e-01,2.388015719488090771e-01,2.238580942010281183e-01,-7.504120601092095777e-02,1.337685774875584099e-01,1.847101322217169694e-03,1.384545801924484676e-01,-7.408762977275097812e-03,-9.686745126850535015e-02,1.864551957389418702e-01,3.690316599811773509e-03,-5.870243912832780186e-02,1.490243388993934825e-01,4.198014794550714579e-01,1.538462186950283750e-01,2.939565545236484390e-01,1.548615590883305748e-01,-5.071586397383826689e-02,8.231211528110947417e-02,2.860887357877691523e-02,8.678133169520656220e-02,-2.083355897787887989e-01,1.647294859925738653e-01,1.000000000000000000e+00,8.898683345549146528e-02,2.276195268390244220e-01,-1.598580867641352377e-01,5.731770181841317618e-02,7.287860690759399851e-02,1.718740477589449922e-01,2.100244951690694029e-01,3.364628944208273853e-01,1.831047592279651248e-01,-7.709356703033937164e-02,-1.869409719614465448e-01,2.324875800935950407e-02,3.816442837450653713e-02,7.067321446955909803e-02,2.088259194149413023e-01,8.886671181257911611e-02,2.023708476202687109e-02,1.673615468604638112e-01,2.858861574229673227e-02,1.357307085192030471e-01,1.211964900396874378e-01,8.440010483205573344e-02,-1.224135930534234358e-04,2.201869923654059258e-01,1.367470384881533385e-02,-6.219647746554765599e-02,-4.925923268306948294e-02,6.687630562898525064e-04
2.293375633967462690e-01,-2.100843848167271294e-02,3.742212516985195525e-01,6.771174249775997744e-02,-8.092278851550266383e-02,1.923893387177298339e-02,-8.664899032605746787e-02,-4.448491989917924272e-02,-4.487794093889554969e-02,-1.612109186592166621e-01,9.887768781499302329e-02,-6.099444915785659505e-02,5.246342133626288179e-02,-4.765781263255442629e-02,1.620211910759008223e-01,-6.715670475614482493e-02,1.143896712692011736e-01,-9.636921799561004587e-02,5.783145715073647469e-02,1.397173499886086509e-02,3.486634648833012995e-01,2.162894397731035534e-01,1.263126219291312025e-02,2.475989551219873880e-02,8.240118693546483186e-02,4.079197492218083476e-01,1.093271552801912266e-01,2.990370791706364328e-01,7.669599309069137505e-02,-3.610384394136574859e-01,1.432594087686178685e-01,8.898683345549147916e-02,1.000000000000000000e+00,3.310036350388836923e-02,2.006237056336193092e-01,-1.320690480710950687e-01,1.049944931065029119e-01,1.925975587692017044e-01,2.731553235674658020e-01,7.631594307971846514e-02,-8.450042895748258176e-02,3.139614455520834957e-01,2.125727783774581103e-01,2.350050086978848207e-01,-2.434634752711043251e-02,-4.036713536040256733e-02,7.880268176921041701e-02,1.309011670882162803e-01,3.037426202564067965e-02,2.959962053809852764e-02,-4.785836908029415457e-03,6.176478593242567400e-02,-1.466342518978483965e-02,-1.432121252022701408e-01,1.460619897655572597e-01,9.995016678024109744e-03,-9.494880482740511440e-03,-6.834086166442912558e-02,-3.174604295877696269e-02,3.850283431769799258e-02
2.418321864019218684e-02,8.526509176608002005e-02,1.191687566897400158e-01,4.586760105560587779e-04,1.233259277712077384e-01,-1.367658823112914354e-02,-8.967024188078683011e-02,-7.427166002889169782e-02,-9.276174521414090601e-02,1.903269811455290950e-02,6.493340029754030018e-02,-2.226684378431225894e-02,-2.917514084592627219e-02,1.433115982220385110e-01,-1.546185104578518162e-02,1.405992246864612716e-01,-8.572225140491115947e-02,-6.005336861766631153e-03,-6.788234426850088543e-02,-8.318983945764193977e-02,1.749714331728504102e-01,1.922826654040415140e-01,3.641598571227772779e-02,4.533805032211211949e-02,2.818043717693730077e-01,5.235547633611094959e-02,1.220495881423029338e-01,1.256226007590204585e-01,1.820704303478203057e-02,-2.019471667902888457e-01,1.744466523509451972e-01,2.276195268390244220e-01,3.310036350388836923e-02,1.000000000000000000e+00,-2.304075708130935880e-03,3.373483970938642024e-02,-1.580144802470287782e-02,5.035826740886909653e-02,-1.032565856436219870e-01,1.246673293277558714e-01,-1.057968874508668708e-02,2.460724668479561186e-02,-1.426758528171146734e-01,-1.804274332096671499e-02,1.485931630457039132e-01,7.910879793087741141e-02,-3.271852392571756446e-02,1.367886163013701528e-01,1.139314051711266818e-01,1.630832518269177689e-01,1.318570474096162097e-03,-1.933347445720947355e-01,-1.881781725152949225e-02,2.295237621941765421e-02,2.842502734962114586e-01,1.360976608404709798e-01,-7.066391976597388713e-02,2.027249787991054764e-02,1.504474261434996796e-01,2.674000033806018251e-01
3.199768387280335080e-01,-1.991806578529884131e-01,9.433750033884583108e-02,-3.748343091607673344e-02,-5.161439112713955141e-02,4.513874012037365213e-02,2.634439912013964991e-01,4.013490024668974754e-01,-1.238843748666834388e-01,-5.999032721815249491e-01,-2.788977678628108414e-01,-1.432522391443735166e-01,5.813339894709235352e-03,2.049632368204276356e-01,2.343947969479999449e-01,-1.787105045479211174e-01,5.452589650402934751e-01,3.758999388358089805e-02,-7.662505724900642301e-02,-9.513106834650633670e-02,8.636421267567198634e-02,3.491749543323087734e-01,-5.894636628339341988e-02,2.551087450548653046e-01,1.307063472523997127e-01,1.623044903463591593e-01,1.780480614454294230e-01,2.685301431341007294e-01,3.421396273481834283e-01,-2.770358374449764516e-01,-1.886075705890449816e-02,-1.598580867641352377e-01,2.006237056336193092e-01,-2.304075708130935880e-03,1.000000000000000000e+00,6.385093487537986216e-03,-2.102341206841314425e-01,-6.491828530492931536e-03,7.440154025566216023e-02,-1.125439889414667910e-01,2.356239560217576745e-01,2.133302977073245621e-01,3.771226573895248846e-01,-9.215029128640390976e-02,1.036841232633212151e-01,-2.633444323826533706e-01,-2.199015608843939984e-01,1.610855196910983833e-01,-9.619439569460717931e-02,8.668629529446211790e-02,-1.122272868686327585e-01,-6.565566960877862457e-02,-6.191159872448888379e-02,-2.950932150372640242e-02,3.532794884782477496e-01,8.629522042632865875e-02,-9.301850465998684481e-02,-9.122511331017707503e-02,1.128655764227347869e-01,1.260804186902151625e-01
9.076313729548048104e-02,3.203933882583366588e-02,2.532498642235716038e-02,-1.658016094325585887e-01,2.733487391267024891e-01,1.437036279286193208e-01,9.983750955539599792e-02,-5.153583999671998428e-02,1.287272122171119471e-01,-6.564116444256955230e-02,1.238311483774540422e-01,-5.315255778006430093e-02,-1.089565445543324990e-01,1.488246233616305481e-01,1.144008550464395814e-03,2.690803803250806092e-02,1.007718456182803320e-02,1.235363854223036489e-01,1.710502304273983989e-02,-6.183174008156755441e-02,-1.005373680323294605e-01,1.762037735998216170e-01,-2.986373171674974649e-03,-1.239533627136375077e-01,5.091067541151536591e-02,-8.747702657671015125e-02,1.133373963410931606e-01,-4.704110936849319191e-02,-9.134332821208326902e-02,8.659554734891017347e-02,3.708305046204059957e-02,5.731770181841317618e-02,-1.320690480710950687e-01,3.373483970938642024e-02,6.385093487537986216e-03,1.000000000000000000e+00,8.014950944577803327e-02,2.176952999141838069e-02,-6.893492112868283839e-02,-2.739258923327581030e-02,6.158275562429972594e-02,-6.447099267508128728e-02,-5.195497755878823731e-02,-6.911754981764184347e-02,-2.647467053648652757e-02,2.389697600689753287e-01,2.665548719439704284e-01,-7.175764276845880696e-02,1.509106242948320409e-01,1.102109310103474987e-01,2.187728218089518839e-01,7.690111098399560197e-02,3.242373618102591393e-01,-3.257355156662911783e-02,-6.628485981973110397e-02,-1.475314973726348823e-02,2.875850003993102831e-03,2.559315980239582761e-02,1.131883738537482059e-01,5.765602602967062618e-02
-1.032506995421016566e-01,-5.393089730366483481e-02,-1.079510986760319063e-01,-3.417303262264127783e-02,2.555729522426864950e-02,2.347660983670701515e-02,-3.320636153702280491e-01,-3.402802815243772816e-01,1.044113765660954624e-01,-2.054705312111033619e-02,2.756845433808449708e-01,1.250610004249963214e-01,6.593754290173405030e-02,-8.782880251584872233e-02,-9.180649870611802196e-03,2.546167318824484882e-01,3.006185844235851126e-02,-1.078482598588779845e-01,-1.384801040758777413e-01,-7.521544900427871994e-02,1.074092291217786273e-02,-8.088811028763048805e-02,-3.260992853433112432e-02,6.754125509739017374e-02,-4.941606134653928062e-02,-2.609375878092066309e-02,2.293389459781127737e-01,1.607224799053133257e-01,-2.988486605317038081e-02,1.674366610428245083e-01,1.332229407090841089e-01,7.287860690759399851e-02,1.049944931065029119e-01,-1.580144802470287782e-02,-2.102341206841314425e-01,8.014950944577803327e-02,9.999999999999998890e-01,8.804155193462462337e-02,1.659876631869434405e-01,7.393389971832685370e-02,-1.872293250989127689e-01,1.233207211884984472e-01,-2.219032015130606994e-01,1.987010249082627744e-01,-6.247608285841468184e-02,1.847888365908557373e-01,7.480014993565775594e-02,7.950711709350243017e-02,-4.387731734002681822e-02,1.550913340274059360e-01,1.350837817252788786e-01,2.458338320760823092e-01,1.075259695647754199e-01,8.728493143316034750e-03,-3.499027451712143771e-02,-1.113762315573843809e-01,6.972862437770442623e-02,-1.613030755119018722e-02,-3.331361658846658524e-02,-1.381142120425804254e-01
-1.389250022519173122e-01,-1.662161845938768534e-01,1.200159390083510580e-01,1.212416996345344472e-01,-1.511096061616610045e-02,1.038377915175159594e-01,-4.492051358511238435e-02,-1.639697802731981124e-01,2.316131478091092433e-01,5.307337853480289386e-02,6.974995652724515216e-02,1.985173077273705983e-02,1.825889832286989589e-01,9.271495555735519145e-02,2.244622898577090520e-01,-1.214906427197097599e-01,-3.046819192171753427e-02,6.611157850594502616e-02,-1.361765863446398606e-01,-1.217603308836483628e-01,1.965100236934786693e-01,1.731196420705750916e-01,-1.894644119775221874e-02,-1.634916350605022939e-02,1.599743475989701402e-01,3.917488810133663152e-02,-3.884928630661051152e-02,2.043355106252237388e-02,7.040636088879961840e-02,-6.512264435580673860e-02,1.097191723951182890e-01,1.718740477589449922e-01,1.925975587692017044e-01,5.035826740886910347e-02,-6.491828530492930668e-03,2.176952999141838069e-02,8.804155193462462337e-02,1.000000000000000000e+00,3.429623087401859616e-01,-1.075797227547137074e-02,-6.191151983978334522e-02,6.706312241627560011e-02,1.364064645445096369e-01,-2.692734582041600433e-02,-3.125677702074042275e-01,-6.143395981448340065e-02,5.436495185509707118e-02,-2.816251583155883753e-01,-7.725234507848810495e-02,-7.928822311682050261e-02,-7.096109054054419718e-02,7.945322408487744126e-02,-6.096416185022867501e-02,-1.356295803635304727e-02,-1.118507674172507932e-01,1.298063920602719398e-02,-9.493970270826283808e-02,-1.265642211780236281e-01,-1.110070516183527325e-02,-1.494305172879022980e-01
1.635325641093716281e-02,-1.835183052062892006e-01,-4.301592985552250836e-02,7.568383503158238046e-02,-2.733737338622699853e-01,2.062078627004119702e-01,9.450907488345733354e-02,-7.025585686620410691e-03,1.608303973539683407e-01,-1.657396849090286006e-01,-9.685626906822782795e-03,-1.266704710298521830e-01,1.111604218329111521e-01,-1.656970934106212533e-03,1.291092793770372837e-01,-3.117444259063750223e-01,1.807801161364311071e-01,6.523213914040637551e-02,-1.504251105284929446e-01,-1.938589885457250028e-01,-7.240290840420733620e-02,2.486712924818111903e-01,1.915452283296866995e-02,2.166922452591640569e-01,-4.820915707852278104e-02,-1.180622697337222748e-01,3.708575584192028152e-02,2.405518204331832666e-01,1.787491330624900732e-01,-1.605117106601267607e-01,1.863190483738106362e-01,2.100244951690694029e-01,2.731553235674658020e-01,-1.032565856436220009e-01,7.440154025566216023e-02,-6.893492112868283839e-02,1.659876631869434405e-01,3.429623087401860171e-01,1.000000000000000000e+00,2.766071609780181295e-01,1.081128409036979099e-01,2.552634225660463940e-01,-1.686235581979443621e-02,1.168896818206427018e-01,-2.685264255002499101e-01,2.055740885024993359e-01,3.044785814056929496e-01,2.340418260269106487e-01,2.519606437595374171e-01,1.585084351870069408e-01,6.865329416367525750e-02,3.228328109805833068e-01,2.536118728267743871e-01,1.513254753164049449e-01,-1.964039244804746329e-02,1.883890294857206230e-02,1.975866342114669105e-01,-1.407666074446353166e-01,-2.072752890083081889e-01,-1.150632625216532479e-01
5.456153983917086392e-02,-1.616590099651680351e-02,1.207578253975838123e-01,1.381989613088837054e-01,-1.805972771384732264e-02,6.499866058137042379e-02,-8.446507339078133947e-02,-1.416594356565167856e-01,7.456271639015596420e-02,7.077269000390523299e-03,6.640886247579168289e-02,1.077827929123094663e-01,1.132451634858666067e-01,-6.074200344155981923e-02,3.659201985454241246e-02,1.844777191019000562e-01,1.905473474207525653e-03,-4.431487007208138179e-03,-3.890839917945805582e-02,-1.185639675468788540e-01,-1.543982809923935551e-01,2.869465202901596568e-01,1.551208585988695932e-01,1.226677639383743496e-01,1.785538579112359581e-01,6.798560908370301914e-02,9.433671642846898353e-02,3.211368097765087554e-02,6.802681097430522683e-02,-2.142249174077493767e-01,1.489406885257753832e-01,3.364628944208273298e-01,7.631594307971847901e-02,1.246673293277558853e-01,-1.125439889414668049e-01,-2.739258923327581030e-02,7.393389971832686758e-02,-1.075797227547137247e-02,2.766071609780181295e-01,9.999999999999998890e-01,1.919482296570629021e-01,6.816966012339228422e-03,-7.446849249281801975e-02,2.108879068078408914e-01,-1.690824044905967632e-02,1.799609521202752971e-01,3.196661382160446152e-01,1.973690798104222877e-01,2.038144422960446178e-01,3.385492659209768385e-01,1.654236436229084284e-01,1.235927354525863942e-01,1.370550204649068071e-01,3.381223354706579948e-02,4.698057914832525633e-02,1.712596064038172383e-01,-1.189609737126470501e-01,1.269923975652700182e-03,9.634656618729857402e-02,1.199801413170710762e-01
5.533338349762696035e-02,-9.818774040797628722e-02,3.169447011397171776e-01,3.588164944799316497e-02,-1.756905499650775748e-01,2.282412796605346461e-01,1.384903630081612269e-01,1.045791055888235094e-01,-1.435895775013324716e-01,3.384507051241622544e-02,-1.091779578023396591e-01,-4.418721212211554339e-01,2.343708493366934431e-01,1.704013316754857676e-01,3.111406381781393060e-01,-1.287097540251994632e-01,-4.497940244840187979e-02,1.788969233583518614e-01,1.018056953009363746e-01,-2.965445689546093548e-03,1.304727311932289691e-01,3.478568317911315821e-01,2.378960552949406504e-01,3.763287076000507159e-01,1.918746081848834439e-01,-3.646890950052849439e-02,9.805230068217110628e-03,3.098219741971299235e-01,2.295475808814245455e-01,-2.356153766010019024e-01,-8.037080644876364033e-02,1.831047592279650971e-01,-8.450042895748256788e-02,-1.057968874508668708e-02,2.356239560217576745e-01,6.158275562429973288e-02,-1.872293250989127689e-01,-6.191151983978335216e-02,1.081128409036978960e-01,1.919482296570629298e-01,1.000000000000000000e+00,-1.497214445640838165e-01,1.251602988807970496e-01,6.363730908769776873e-02,-2.800301474115251665e-03,1.911058206663194051e-02,-4.034753262193973563e-05,4.841650855806289150e-02,1.212464866150016370e-02,2.408682404893983109e-01,-6.333304914352826109e-02,3.558284450068223892e-04,2.744462462449244466e-02,3.001602540056919621e-01,7.836852005798790322e-02,2.373445911194968228e-01,6.903127726070487809e-03,-2.169592006503069659e-01,-8.317613818752755961e-02,2.620883971179392424e-01
2.544219577575363433e-01,1.860542650167477594e-02,1.512754133576646454e-02,-7.634541091691350589e-02,-8.712490642142055319e-02,9.378496236987532431e-02,-5.612279272749894077e-02,2.082624135941825716e-01,-1.829592644929632361e-01,-3.719786642804155941e-01,-3.698148422283038805e-02,1.666907291644065536e-01,-7.469145848031215340e-02,8.014367958436686978e-02,-3.823499393922216022e-02,-1.630425467597196310e-01,2.991381279382892000e-01,-1.694107017226713918e-01,-8.434639621197202730e-02,-4.457737576660216611e-02,3.078478150575669758e-01,1.211859874386271019e-01,-1.405156658391062685e-01,1.169375676112044127e-01,8.740075354025340915e-02,2.053824027220875759e-01,5.208930908802412996e-02,2.906298838441251919e-01,8.540068633323903702e-02,-1.449221791672551385e-01,1.021225649220377646e-01,-7.709356703033937164e-02,3.139614455520834402e-01,2.460724668479561533e-02,2.133302977073245621e-01,-6.447099267508128728e-02,1.233207211884984333e-01,6.706312241627560011e-02,2.552634225660463385e-01,6.816966012339228422e-03,-1.497214445640838165e-01,1.000000000000000000e+00,1.005479213167611574e-01,1.533525615727573677e-01,-2.621195723720940243e-02,-1.634258740383429387e-01,-2.633127552758584428e-02,1.154942520615276913e-01,-2.227332607151064625e-01,-1.075955950620639257e-01,-2.317598907505654948e-01,1.472801977882807860e-02,-1.656438511422264059e-01,-1.889821081355006760e-01,1.283721035366985619e-01,3.910177392999627556e-03,4.902332163789267783e-02,1.143731537710588331e-01,1.868150675592261944e-01,5.079965026868522165e-02
2.106190656746789736e-01,5.801222738209543817e-02,3.317559198906355200e-01,-2.504187392855998506e-02,-4.612099292207810092e-02,4.112974299924717497e-02,6.610702459744448312e-02,2.973616282265010846e-01,-7.706668165513949620e-02,-3.229429169236483488e-01,-2.694994439716747459e-01,1.449018547555711856e-01,-2.717811635762691982e-02,1.998942635962682179e-01,3.172781094640890753e-01,-1.464214637837762123e-01,3.080617064477603195e-01,1.050507255980603488e-01,1.219541825141533115e-01,6.076942496826617801e-02,1.459246325331729766e-01,7.985640859224416022e-02,1.206382505731851684e-01,3.687061843751003598e-02,-1.364658551358874025e-02,2.999093232405629084e-01,4.406771974744688736e-02,1.828640311111282279e-01,6.203042535638992466e-02,4.544055691239201611e-02,-7.808332393882629063e-02,-1.869409719614465726e-01,2.125727783774581103e-01,-1.426758528171146734e-01,3.771226573895248846e-01,-5.195497755878824425e-02,-2.219032015130607272e-01,1.364064645445096091e-01,-1.686235581979443621e-02,-7.446849249281800587e-02,1.251602988807970496e-01,1.005479213167611574e-01,9.999999999999997780e-01,8.240983205661399358e-02,-5.014259941827175354e-03,-1.097965896795354140e-01,-8.954797531388283827e-02,-1.931011122950849340e-02,3.470831942997052149e-03,8.596609535724210327e-02,-8.467985676480353774e-02,-1.192481541592917138e-01,-2.410320652591441126e-02,-1.705574876433353926e-01,2.245581467493996675e-01,9.532578688129018929e-02,-1.111218688506318275e-01,1.716667019988614776e-02,3.556991810358294676e-02,5.597311828752127988e-02
5.389214147666573917e-02,-1.526597660978356585e-01,3.355248685921535801e-01,-1.781831900336304786e-01,-9.900675345316477249e-02,5.325678368174719540e-02,-2.521969873632435438e-02,-2.399538121032335491e-01,-1.621355367628870281e-01,-1.636357529820371692e-01,8.990206759917937496e-02,-1.351052772139287213e-02,1.086361368984938153e-01,-5.711413381672029305e-03,1.968326656511533712e-01,1.413512184535793345e-02,1.773140021178755965e-01,-1.552694770155706172e-01,8.293159929071403091e-02,1.258357756319302689e-01,1.349195036409228665e-01,1.137264009866728043e-01,1.154657720740577716e-02,5.334618041766545776e-02,1.908541072904621494e-01,1.631090902562445655e-01,9.079721604157985071e-02,2.671085944811776858e-01,1.185761423275950160e-01,-4.960174575744931424e-02,1.952413577841285997e-02,2.324875800935950754e-02,2.350050086978848207e-01,-1.804274332096671499e-02,-9.215029128640390976e-02,-6.911754981764182959e-02,1.987010249082627744e-01,-2.692734582041600780e-02,1.168896818206427018e-01,2.108879068078408914e-01,6.363730908769776873e-02,1.533525615727573677e-01,8.240983205661399358e-02,1.000000000000000000e+00,1.607689821276590825e-01,1.046605562241942622e-01,1.949064523417549377e-01,2.569432594594384112e-01,1.055810929036553186e-01,1.531305124867439194e-01,-1.006853653756811656e-01,1.813792643796658111e-01,2.241490391246229660e-02,1.879973149267775631e-02,6.481519391313917723e-03,1.535782437977082915e-01,1.170622031806577562e-01,-9.491894068160988684e-02,3.774032788252064397e-02,1.671122425047293913e-01
2.632153144027647440e-01,6.300987276096961520e-02,6.200892018987918392e-02,-1.590318310447260131e-01,6.178985225539297688e-02,-8.420418916578224777e-02,1.971507379708961616e-02,6.811276288848386318e-02,-2.329362396694265314e-01,-1.465498579881180652e-01,6.622980105718446683e-03,-2.195200199436324676e-02,7.780568285102153203e-02,1.533577438547442107e-01,9.374731507173957035e-02,5.360504169046805684e-02,1.272081316688385144e-01,-1.202470931937851956e-01,5.856460772991240599e-02,1.755223092115355821e-02,2.008426734512016587e-01,3.334195305834175560e-02,-1.508977916516035800e-01,2.099975203928604595e-01,1.789092354948226271e-01,7.957898739626222129e-02,1.080754892157759772e-01,1.294011795174941637e-01,1.684484440631502933e-01,-2.962685042945138042e-02,1.047537874038113187e-02,3.816442837450653713e-02,-2.434634752711043251e-02,1.485931630457038854e-01,1.036841232633212151e-01,-2.647467053648652410e-02,-6.247608285841467490e-02,-3.125677702074042275e-01,-2.685264255002499101e-01,-1.690824044905967632e-02,-2.800301474115251231e-03,-2.621195723720940243e-02,-5.014259941827175354e-03,1.607689821276590825e-01,9.999999999999998890e-01,2.583612661972123706e-02,-7.458894028649863499e-03,2.948233761399441377e-01,1.484505695075895304e-01,6.405641315607056574e-02,2.754876828844101538e-02,1.357563978771329505e-01,7.383898473648989325e-02,-8.134941190688542434e-02,2.465653147448002847e-01,8.875218957430332234e-02,8.787483225674871945e-02,-7.509023954351375096e-02,1.438654643996115645e-01,1.316658395161664219e-01
1.557600151087578655e-01,2.906616775126888777e-02,3.725022418793550588e-02,3.613001074892482206e-02,1.695396130916937069e-02,1.259805613864523333e-01,-5.664923119708957511e-02,-1.760107390806186500e-01,1.219448821777817799e-01,1.615684161646340974e-02,2.883217039129951087e-01,6.844709529949417892e-02,1.233409042134996775e-01,6.307026851949348867e-02,-1.659039628129072297e-01,4.709511206636419339e-02,-2.806766252699232495e-02,3.951110052850497628e-02,9.993719024693679259e-03,-6.533838759812084229e-02,-1.377035380287560951e-01,6.536211776276056040e-02,1.171837303614192000e-01,6.153305701062969368e-03,-8.890229015434693294e-02,-9.687713835336382584e-02,1.631196277310475173e-01,-5.183571528956836677e-02,-2.103879988986887828e-01,5.195169235095077609e-02,9.259656536122555515e-02,7.067321446955908415e-02,-4.036713536040256733e-02,7.910879793087741141e-02,-2.633444323826533706e-01,2.389697600689753287e-01,1.847888365908557096e-01,-6.143395981448340759e-02,2.055740885024993359e-01,1.799609521202752971e-01,1.911058206663193704e-02,-1.634258740383429387e-01,-1.097965896795354140e-01,1.046605562241942483e-01,2.583612661972123706e-02,9.999999999999998890e-01,4.532013675055279744e-01,2.913317489889142298e-01,3.942150130432302002e-01,3.725403703504149844e-01,3.271590885881656141e-01,2.399295492400039531e-01,4.111208671881663723e-01,1.776269984850980532e-01,-4.906536442892403538e-02,5.022991996983568880e-02,5.069357714527805703e-02,-4.629218603502909674e-02,-1.224870345520877868e-01,8.428632644737811541e-02
1.710076888657057204e-01,6.265960192752512148e-02,8.084994435922399081e-02,5.161261680708394833e-02,1.417865496704499573e-01,1.428221506139892294e-01,1.753753656982963080e-02,-1.874964890309274712e-01,7.697129658483616022e-02,-3.708261313715149887e-02,2.616925896269031160e-01,6.364680072570554070e-02,3.972596732645383710e-02,1.388325904787575116e-01,-4.333642990122869160e-02,-2.213708733270846815e-02,-1.940432999648246046e-02,-1.240697783256860115e-01,3.829228166995459620e-02,-5.129379202891380662e-02,-1.209036430838959231e-01,2.092688723751699176e-01,-4.211833704708302026e-03,5.054325733995886083e-02,9.205935332634132551e-02,-2.501251475045421571e-02,3.751523452880436982e-02,-2.721094349574892240e-02,-8.830806291980812517e-02,-2.836120643740773842e-02,1.099916248698833560e-01,2.088259194149413023e-01,7.880268176921041701e-02,-3.271852392571756446e-02,-2.199015608843939984e-01,2.665548719439704839e-01,7.480014993565775594e-02,5.436495185509707118e-02,3.044785814056929496e-01,3.196661382160446152e-01,-4.034753262193973563e-05,-2.633127552758584081e-02,-8.954797531388282439e-02,1.949064523417549100e-01,-7.458894028649862631e-03,4.532013675055279189e-01,1.000000000000000000e+00,2.067957162663155435e-01,3.330652840229814671e-01,2.403671203158702363e-01,3.350030411305239819e-01,3.780497778777470730e-01,4.323186783372794384e-01,3.772973107042912333e-02,-1.182746098686353747e-01,1.515416031365982019e-01,1.492715882715436870e-02,-2.051212995081951040e-02,4.483433981657739681e-02,4.077816137103697225e-02
2.758983084075192771e-01,-8.022052168464036126e-03,-3.506111001198800037e-02,-1.106680272860548070e-01,-4.835100113729690063e-02,8.014444156049492507e-02,1.254143790046864937e-01,1.439001258589751864e-01,-1.969341494216223232e-01,-3.747272150296283022e-01,7.246215659820740007e-02,-1.582032177928210069e-03,-6.012430769627702398e-02,-1.367946911905529861e-01,-1.974761032130546157e-01,3.809599300153251183e-02,3.502017902665264804e-01,-9.512354485190170628e-02,2.422268990483890938e-01,-5.891195281865431455e-02,-4.424174274153785252e-02,1.899644959573325298e-01,8.206771673535806846e-03,2.114418480845889625e-01,-2.373499709602643754e-02,5.778774941204391224e-02,1.948512182737295595e-01,2.426103273262315285e-01,9.683124048238063442e-02,-1.101506273068122571e-01,2.031128446178268598e-01,8.886671181257911611e-02,1.309011670882162803e-01,1.367886163013701806e-01,1.610855196910983833e-01,-7.175764276845880696e-02,7.950711709350243017e-02,-2.816251583155884308e-01,2.340418260269106210e-01,1.973690798104222599e-01,4.841650855806289150e-02,1.154942520615277052e-01,-1.931011122950849340e-02,2.569432594594384112e-01,2.948233761399441377e-01,2.913317489889142298e-01,2.067957162663155712e-01,1.000000000000000000e+00,2.331839885702311210e-01,3.670016103602051216e-01,1.451850925861876418e-01,1.902504534169071893e-01,2.287949306641750280e-01,1.525343416670607577e-01,1.527251137701490513e-01,2.515826342082336797e-01,2.534865879618398710e-01,-9.833892259991028340e-02,4.926019924104683978e-02,1.128095122717122367e-01
2.099215849110566967e-01,1.083100636533400191e-01,4.546989240285676664e-02,-1.613998506794198651e-01,-4.216917587658446098e-02,1.831313359184111589e-01,1.301350454582093918e-01,-1.614969626424122770e-02,9.769986620858392423e-02,-6.083897689075286851e-03,1.097137061720908913e-01,-1.138525957953698819e-01,8.404461828555257613e-03,2.372420174119657388e-01,1.320391198752162987e-01,-2.645813836840558292e-02,-5.057662800772309668e-03,1.344175817700657243e-02,-3.047320751706958028e-02,-9.731924251109212720e-02,-1.581780782730062840e-01,2.939644764749515388e-02,1.526494058120797352e-02,-4.573257926490716802e-02,7.295566279464685278e-02,-5.754354708605542712e-02,8.596204109776048319e-02,3.194916083076131813e-02,-4.489249912232664425e-02,6.141499433841000194e-02,8.492521309216100045e-02,2.023708476202687109e-02,3.037426202564067965e-02,1.139314051711266818e-01,-9.619439569460717931e-02,1.509106242948320686e-01,-4.387731734002681822e-02,-7.725234507848809107e-02,2.519606437595374171e-01,2.038144422960446178e-01,1.212464866150016370e-02,-2.227332607151064348e-01,3.470831942997051715e-03,1.055810929036553325e-01,1.484505695075895304e-01,3.942150130432302002e-01,3.330652840229814671e-01,2.331839885702311210e-01,9.999999999999997780e-01,2.534522793685893283e-01,2.131672009945273505e-01,6.887945388934607616e-02,3.680129206599004887e-01,1.478384114215178791e-01,3.190934923649007410e-02,-6.720654921826847705e-02,1.523440062201347756e-01,-5.513890692942437222e-02,-5.937102470588197407e-03,1.169734595792665671e-01
6.135919242458521411e-02,2.469303831912607328e-02,1.891156587707734649e-01,-1.223899893934957649e-02,7.642367962313206808e-02,9.476446024388185396e-02,-2.138810976319268642e-01,-1.304088581727721186e-01,5.159584456624664167e-02,-8.875689030672119506e-02,6.682070951648330648e-02,-3.746403605732961765e-03,3.595769329980531143e-02,9.398778406189908785e-02,3.774425904277379368e-02,9.448389179261598714e-02,1.212979270900399198e-01,1.610411081168865513e-02,5.256660558674321887e-02,-1.164229174472668493e-01,-3.872752954457406999e-02,2.386483061318480370e-01,2.543138980874599109e-01,2.253029294815302175e-01,4.457317311055424697e-02,7.249349990220649298e-02,2.467248110459271393e-01,1.005973904296667831e-01,-4.262675526223985017e-02,3.411212241527201289e-02,1.549368316223358466e-01,1.673615468604638112e-01,2.959962053809852417e-02,1.630832518269177689e-01,8.668629529446213178e-02,1.102109310103474848e-01,1.550913340274059082e-01,-7.928822311682050261e-02,1.585084351870069408e-01,3.385492659209767830e-01,2.408682404893983109e-01,-1.075955950620639257e-01,8.596609535724208939e-02,1.531305124867439194e-01,6.405641315607056574e-02,3.725403703504150399e-01,2.403671203158702363e-01,3.670016103602051216e-01,2.534522793685893283e-01,1.000000000000000000e+00,1.739867805627683395e-01,3.622001732215391484e-02,4.057966913839027856e-01,1.454073093342441725e-01,1.421558491609949959e-01,2.034564749192394606e-01,-1.048138256258373674e-01,-4.681338066537747700e-02,2.985632242116692038e-04,1.178976100503587865e-01
1.337370483023529177e-01,9.431796294246234946e-02,-4.135360764272029421e-02,9.847454653433493355e-02,7.986963737174973543e-02,-1.285193763732503658e-01,-1.153213942127513936e-01,-8.562219057096630281e-02,4.112878414801796056e-02,-8.863148127828290868e-02,1.100458656208415376e-01,3.069871055175193292e-02,-6.171856017938032873e-02,-1.065415056396709914e-01,-2.149189297327233350e-01,9.117331667125332106e-02,-1.161853084668903677e-02,-5.130216877948497872e-02,7.057400833363081105e-02,-1.107714075504525643e-02,-2.120010233931789445e-01,5.971253112179719658e-02,1.091065518792181110e-01,-2.493851265103395887e-02,-8.004450152592025580e-02,-2.377898741436514085e-02,1.504615845673464569e-01,-1.879329223203498322e-01,-1.111297477114397830e-01,-5.143703991159467859e-02,2.388111832432857906e-01,2.858861574229673227e-02,-4.785836908029415457e-03,1.318570474096162314e-03,-1.122272868686327585e-01,2.187728218089518561e-01,1.350837817252788786e-01,-7.096109054054419718e-02,6.865329416367525750e-02,1.654236436229084006e-01,-6.333304914352826109e-02,-2.317598907505654948e-01,-8.467985676480353774e-02,-1.006853653756811795e-01,2.754876828844101191e-02,3.271590885881655586e-01,3.350030411305239264e-01,1.451850925861876140e-01,2.131672009945273505e-01,1.739867805627683117e-01,9.999999999999998890e-01,1.791116403968686932e-01,3.243716580615485512e-01,-6.100456430230349197e-02,4.403311953421635422e-02,4.987988522549268583e-02,-1.800661326906227711e-01,-5.022861193845439692e-02,-5.718613515177509155e-02,-6.103199746493360306e-02
5.103741928724035010e-02,-1.615513315268852779e-01,-6.078927866202460915e-03,-4.875270692313462412e-02,-1.446604786324125203e-01,2.507115664221295712e-02,-2.507370821707642292e-02,-2.274808357892574018e-01,5.393267247707277806e-02,-3.792406661561266434e-02,7.741171565598986559e-02,1.147551271270432910e-01,-5.737345544942672399e-04,-1.009959742754984457e-02,1.007451751107758808e-01,-3.731068054640331727e-02,1.487868356814240622e-01,-2.174444796089050266e-02,4.175466923563442290e-02,-1.488675622452558245e-01,-1.306894736461626169e-02,1.907111021370690995e-01,-1.761030832081723896e-01,2.233399751812086831e-01,5.536101598937969576e-02,-8.959542562935582377e-02,-6.325853308832474209e-02,7.025635432168388095e-02,3.142403431821938486e-01,-7.384293031608595015e-02,-1.201187219060825817e-01,1.357307085192030471e-01,6.176478593242567400e-02,-1.933347445720947355e-01,-6.565566960877862457e-02,7.690111098399560197e-02,2.458338320760822815e-01,7.945322408487744126e-02,3.228328109805833068e-01,1.235927354525863803e-01,3.558284450068223892e-04,1.472801977882807860e-02,-1.192481541592916999e-01,1.813792643796658111e-01,1.357563978771329505e-01,2.399295492400039531e-01,3.780497778777470730e-01,1.902504534169071893e-01,6.887945388934607616e-02,3.622001732215391484e-02,1.791116403968686654e-01,9.999999999999998890e-01,3.001011899546731643e-01,5.869883772105186776e-02,-2.361144227218763547e-01,1.013620963602042957e-01,9.944708068412150270e-02,-9.372420720020967211e-02,-6.123092055438410924e-02,-1.114765837019104228e-01
1.429350371350215920e-01,8.454760820288045875e-02,-3.640015443450218130e-02,-7.224959872051649190e-02,1.203769028259695645e-01,8.990665092830119054e-02,-3.909448572000381178e-02,-4.116880689666566756e-02,1.110004128069148888e-01,-7.857776367707618170e-02,1.485358027399301117e-01,-1.716949685172440218e-02,-5.764562439266055806e-03,1.214603687515268954e-01,-1.880026621607562565e-02,-4.733321956318013723e-02,2.201804317885171008e-04,3.888994567055226864e-02,4.845436217929321998e-02,-1.564332441726721812e-01,-1.583496488099485344e-01,1.313615413772561413e-01,2.870818433413441922e-02,4.291048193841309755e-02,-1.882063473573305362e-02,-1.021008050996825567e-01,1.421539666789440881e-01,-1.446351321014049257e-02,-1.252542843363199099e-01,9.757307684666539915e-02,1.078487165164870309e-01,1.211964900396874517e-01,-1.466342518978483792e-02,-1.881781725152949225e-02,-6.191159872448887685e-02,3.242373618102591393e-01,1.075259695647754199e-01,-6.096416185022867501e-02,2.536118728267743871e-01,1.370550204649067794e-01,2.744462462449244466e-02,-1.656438511422264059e-01,-2.410320652591441126e-02,2.241490391246229313e-02,7.383898473648987937e-02,4.111208671881663723e-01,4.323186783372793829e-01,2.287949306641750280e-01,3.680129206599004887e-01,4.057966913839027856e-01,3.243716580615484957e-01,3.001011899546732198e-01,1.000000000000000000e+00,7.477357273237690560e-02,-4.461818001887923185e-02,3.675053805388263373e-02,1.027616399964550037e-01,-2.801543860280973283e-02,6.229220291242491651e-04,-2.794410709844308977e-02
-2.115551476766417138e-01,-1.237753192032090520e-02,-1.528822886441793816e-01,-1.148966526766499324e-01,-9.445726057335328274e-02,1.747931822053191142e-01,2.715320341124307646e-01,-2.551053716864512891e-02,1.305360015830613618e-01,6.844726986288021675e-02,2.075084000347383884e-01,-3.677696303897568519e-01,1.058517900853156168e-01,-9.617791770973890819e-02,-1.874210266719385787e-01,-2.659431027551076854e-01,-9.430286985383436182e-02,1.065015232546758644e-01,8.990003213306696495e-02,4.487046352632160368e-02,-5.436491992277989876e-02,4.943250051094424946e-02,1.143001383121281661e-02,-2.035452123840253078e-02,2.756543393961608315e-02,-1.920568587880045197e-01,-9.689393472806440144e-02,1.119354860353582032e-01,1.429555955262517761e-02,9.757416923761375038e-02,7.570720379785594867e-02,8.440010483205573344e-02,-1.432121252022701408e-01,2.295237621941765421e-02,-2.950932150372640589e-02,-3.257355156662911783e-02,8.728493143316033015e-03,-1.356295803635304553e-02,1.513254753164049171e-01,3.381223354706579948e-02,3.001602540056920176e-01,-1.889821081355007037e-01,-1.705574876433353648e-01,1.879973149267775978e-02,-8.134941190688542434e-02,1.776269984850980532e-01,3.772973107042912333e-02,1.525343416670607577e-01,1.478384114215178791e-01,1.454073093342441725e-01,-6.100456430230348503e-02,5.869883772105186082e-02,7.477357273237690560e-02,1.000000000000000000e+00,-2.537514951916668426e-01,-2.096892770010229737e-02,2.122097047864835440e-01,2.176695127087548837e-02,-1.909525984338016624e-01,5.999696085867208678e-02
1.881208993509434491e-01,-3.263756009000697011e-02,2.657601084697073235e-01,1.477563281773628390e-01,-7.512219679106152403e-02,-1.024426101826078628e-01,-7.136296420273731400e-02,2.225795701967906715e-01,-1.112560937695377811e-01,-1.604059981291232895e-01,-5.979169198123440027e-02,3.477003443599098464e-02,1.469092583439921273e-01,2.768424695513068690e-01,2.254165375918819603e-01,1.091179366084416014e-01,9.994245023106751447e-02,-2.489413045607921735e-03,-9.164310535791352075e-02,-1.819818449097553581e-01,3.324787179328670544e-02,2.518480165310183622e-02,1.644595051845702816e-01,2.770285765818807366e-01,1.397321174771117003e-01,2.434887160185511545e-02,2.575695126678027025e-01,1.524975774687120367e-01,-3.848390036994437519e-02,-2.492255809466098759e-01,3.041790715351937457e-01,-1.224135930534234358e-04,1.460619897655572597e-01,2.842502734962114030e-01,3.532794884782478051e-01,-6.628485981973110397e-02,-3.499027451712143771e-02,-1.118507674172508071e-01,-1.964039244804746329e-02,4.698057914832525633e-02,7.836852005798790322e-02,1.283721035366985341e-01,2.245581467493996675e-01,6.481519391313917723e-03,2.465653147448002847e-01,-4.906536442892403538e-02,-1.182746098686353747e-01,1.527251137701490513e-01,3.190934923649006716e-02,1.421558491609949959e-01,4.403311953421636116e-02,-2.361144227218763547e-01,-4.461818001887922491e-02,-2.537514951916668426e-01,1.000000000000000000e+00,2.701498040466367989e-01,-7.578336182482084404e-02,1.533995030026307849e-03,7.195960189265065976e-02,1.684741139656592557e-01
1.305923435853512671e-01,-1.229051004215513249e-01,2.176570269521866663e-01,1.134010305587033335e-01,5.037480260779210461e-02,1.070033775671818677e-01,1.006347972832826732e-01,4.795679954948402907e-02,-3.251569594218453596e-02,6.455636299203915823e-03,3.267003498611310147e-02,1.428992824430740279e-02,1.716417993482813598e-01,5.403913104967956842e-03,1.159145897600625807e-01,1.027521203132958222e-01,-9.687497558718926802e-03,-5.779126527260398417e-03,1.369625884417783601e-01,-3.700744423853897375e-02,1.799276673012156422e-02,2.215097328831636403e-01,1.692998760263729197e-01,2.772861042132462317e-01,1.992436595947892075e-01,-6.399463990638795674e-02,7.004321954478204271e-02,1.600334914432680888e-01,2.947008927916918743e-03,-3.090849809427362316e-01,6.880665087976056693e-02,2.201869923654058980e-01,9.995016678024109744e-03,1.360976608404709798e-01,8.629522042632867262e-02,-1.475314973726348997e-02,-1.113762315573843670e-01,1.298063920602719225e-02,1.883890294857206230e-02,1.712596064038172383e-01,2.373445911194968505e-01,3.910177392999627556e-03,9.532578688129017541e-02,1.535782437977082915e-01,8.875218957430330846e-02,5.022991996983569574e-02,1.515416031365982019e-01,2.515826342082336242e-01,-6.720654921826846318e-02,2.034564749192394884e-01,4.987988522549269277e-02,1.013620963602042957e-01,3.675053805388263373e-02,-2.096892770010229737e-02,2.701498040466367989e-01,9.999999999999998890e-01,-2.910746490863263744e-03,-1.419171435445309992e-01,7.136349816637689580e-02,1.438477060309977240e-01
3.110936731251662604e-02,-5.345099737745592772e-02,-2.028669463142226403e-01,-1.478535901173123612e-01,-5.013872716632540583e-03,4.506223611216491620e-01,2.670748582364150248e-01,1.789621915955025011e-01,3.820791441569820063e-02,-3.340305435403681522e-02,2.618350746671771132e-02,-9.911406531009389620e-02,-1.568934300111824581e-02,-2.022861087922689025e-02,1.461823397126097400e-02,-6.040753217210111103e-02,2.022104263594592249e-02,6.109608903477092845e-02,5.698632651466273985e-02,-1.198609209715473765e-02,-5.021395240126313303e-02,-1.503817940329681968e-01,-1.089089891536817872e-01,-5.972668256965262684e-02,-3.281904881360039189e-02,-2.189040977530047061e-01,1.083044108564186524e-03,1.772167908644554091e-01,-6.265324269218117137e-02,1.225161210014676927e-01,-5.107609782594574321e-02,1.367470384881533385e-02,-9.494880482740511440e-03,-7.066391976597388713e-02,-9.301850465998685868e-02,2.875850003993102397e-03,6.972862437770442623e-02,-9.493970270826285196e-02,1.975866342114669105e-01,-1.189609737126470362e-01,6.903127726070487809e-03,4.902332163789267783e-02,-1.111218688506318136e-01,1.170622031806577423e-01,8.787483225674871945e-02,5.069357714527805703e-02,1.492715882715436870e-02,2.534865879618398710e-01,1.523440062201347756e-01,-1.048138256258373674e-01,-1.800661326906227988e-01,9.944708068412150270e-02,1.027616399964550037e-01,2.122097047864835717e-01,-7.578336182482083017e-02,-2.910746490863263310e-03,1.000000000000000000e+00,-4.638354694669419298e-02,-3.153727349226168736e-02,9.990678327162488825e-02
-1.785157435070804655e-01,2.322880707539688727e-01,8.331856972524094573e-03,2.041562369005129815e-02,9.989322805442400754e-02,-1.908976903798497993e-01,-1.092474753027232320e-01,1.170904054274767569e-01,2.343049659208350510e-01,4.598564393495154640e-02,-1.143852634025535747e-01,3.551700282793997521e-01,-1.720576637730402980e-01,5.434274431292183960e-02,-2.405169372511330728e-01,5.155256519995593534e-02,4.503877033269519659e-02,3.802544877639941340e-02,-1.943378151325445696e-02,-1.421510048807441418e-01,-1.133821064297782233e-01,-2.336726260493229013e-01,3.006884025008700265e-02,-2.180617598525310119e-01,1.090992657245691833e-01,-1.461543371996523906e-02,-9.974150131545822529e-02,-2.403608459708767575e-01,-2.522642585999436138e-01,2.288568246476365697e-01,-8.810494890646440591e-02,-6.219647746554766293e-02,-6.834086166442913945e-02,2.027249787991054764e-02,-9.122511331017707503e-02,2.559315980239583108e-02,-1.613030755119018722e-02,-1.265642211780236281e-01,-1.407666074446353166e-01,1.269923975652700399e-03,-2.169592006503069936e-01,1.143731537710588331e-01,1.716667019988615123e-02,-9.491894068160988684e-02,-7.509023954351375096e-02,-4.629218603502908980e-02,-2.051212995081951040e-02,-9.833892259991028340e-02,-5.513890692942437222e-02,-4.681338066537748394e-02,-5.022861193845439692e-02,-9.372420720020967211e-02,-2.801543860280973630e-02,2.176695127087548837e-02,1.533995030026307632e-03,-1.419171435445309992e-01,-4.638354694669419298e-02,9.999999999999998890e-01,1.609285580521098991e-01,-1.020071307574949362e-02
2.836994443157618284e-01,1.498164830804706860e-01,-9.267597770932310686e-02,-3.811996997190061649e-03,4.341794377527030124e-01,9.785314992229401931e-02,1.151746559207663528e-01,1.507712264733211405e-01,-1.635986602712867499e-01,-2.093039574242198109e-01,-3.820905609722088925e-02,1.252847249782985395e-01,-9.877006385552786205e-02,9.753054351855827697e-02,-5.039416292513067969e-02,2.549161979922356380e-01,1.605167891282571757e-01,-2.404434079356031762e-01,1.391000918786066375e-02,-5.534740988348010871e-02,1.560872955502598525e-01,1.040022221479318804e-01,-1.922010501911354252e-01,-3.003201161684638729e-02,4.043281895573619389e-01,1.874853945414052259e-01,-8.490365809027843047e-02,9.106816003224343318e-04,1.611275383190107491e-01,-5.635174468100600381e-02,-4.819502003276571189e-02,-4.925923268306948294e-02,-3.174604295877695576e-02,1.504474261434996796e-01,1.128655764227347869e-01,1.131883738537481920e-01,-3.331361658846658524e-02,-1.110070516183527152e-02,-2.072752890083082167e-01,9.634656618729857402e-02,-8.317613818752755961e-02,1.868150675592261944e-01,3.556991810358294676e-02,3.774032788252065090e-02,1.438654643996115645e-01,-1.224870345520878007e-01,4.483433981657740375e-02,4.926019924104683978e-02,-5.937102470588198275e-03,2.985632242116692580e-04,-5.718613515177508461e-02,-6.123092055438410231e-02,6.229220291242490567e-04,-1.909525984338016624e-01,7.195960189265065976e-02,7.136349816637689580e-02,-3.153727349226168736e-02,1.609285580521098991e-01,1.000000000000000000e+00,2.257175326737695664e-01
2.427668294480369304e-01,7.714919776398601603e-02,1.788430480755970886e-01,6.622814540532118155e-02,1.599146051806629165e-01,1.760191952793158654e-01,1.393131802571557221e-01,1.405824428736552334e-01,-6.173177377359521933e-02,-6.732712787984226899e-02,-1.912929851457913222e-02,-5.403217998336094091e-02,-1.991182795819979728e-02,1.612902776770687163e-01,1.262549905204715661e-02,8.893537476383336915e-02,5.876931184193238955e-02,-1.246838186206961074e-01,2.998958685770152822e-03,-2.720793993068676420e-02,1.012272239852367306e-01,1.081489355530227264e-01,2.768024796453722597e-02,1.965615219741268307e-02,1.423273110014678933e-01,1.294331397550676707e-02,5.483072521960190293e-02,1.956923125136589281e-01,4.204544990881035893e-02,-1.891148637007384892e-01,-6.861057839718998075e-02,6.687630562898523980e-04,3.850283431769799258e-02,2.674000033806018251e-01,1.260804186902151625e-01,5.765602602967062618e-02,-1.381142120425803976e-01,-1.494305172879022980e-01,-1.150632625216532479e-01,1.199801413170710762e-01,2.620883971179392979e-01,5.079965026868522859e-02,5.597311828752127988e-02,1.671122425047294191e-01,1.316658395161664219e-01,8.428632644737812929e-02,4.077816137103697225e-02,1.128095122717122367e-01,1.169734595792665671e-01,1.178976100503587726e-01,-6.103199746493360306e-02,-1.114765837019104228e-01,-2.794410709844308630e-02,5.999696085867208678e-02,1.684741139656592557e-01,1.438477060309977240e-01,9.990678327162487438e-02,-1.020071307574949362e-02,2.257175326737695664e-01,1.000000000000000000e+00
